,1,3,5,7,9,11,13,15,17,19,21,23,25,27,29,31,33,35,37,39,41,43,45,47,49,51,53,55,57,59,61,63,65,67,69,71,73,75,77,79,81,83,85,87,89,91,93,95,97,99,101,103,105,107,109,111,113,115,117,119,121,123,125,127,129,131,133,135,137,139,141,143,145,147,149,151,153,155,157,159,161,163,165,167,169,171,173,175,177,179,181,183,185,187,189,191,193,195,197,199
,0.013693,0.00803156,0.00699308,0.00725317,0.00614728,0.00611531,0.00585658,0.0066938,0.00602969,0.00611093,0.00642006,0.00597279,0.00590255,0.00580921,0.00595507,0.00581508,0.00599253,0.00630659,0.00597592,0.00621427,0.00628566,0.00610824,0.00556659,0.00582189,0.00590388,0.00759351,0.00611218,0.00568208,0.00598954,0.00621046,0.0057625,0.00584533,0.00615967,0.00624359,0.00556574,0.00650958,0.00572926,0.00595753,0.00578229,0.00572597,0.0056446,0.00596123,0.00562671,0.00596605,0.00572935,0.00646552,0.0056729,0.00585423,0.00584479,0.00625038,0.00575007,0.0063157,0.00638456,0.00598663,0.00581637,0.00627624,0.00630253,0.00571657,0.00720261,0.0063308,0.00588672,0.00567359,0.00575559,0.00635527,0.00652699,0.00583836,0.00638717,0.00615517,0.00581907,0.00638579,0.00606222,0.00586821,0.00574808,0.00573317,0.00617317,0.00581487,0.00574012,0.00574067,0.00593781,0.00698399,0.00840172,0.00597974,0.00608815,0.00650695,0.00844846,0.00589747,0.00606314,0.00668857,0.00771978,0.00655013,0.00665926,0.0066286,0.00659333,0.00733343,0.00601772,0.00585702,0.00599898,0.00626742,0.00622285,0.00594603
,0.00921871,0.00938982,0.00612486,0.00633738,0.00599902,0.00624448,0.00584325,0.00614004,0.0059341,0.00615147,0.00597266,0.00577783,0.00566044,0.00610707,0.00606423,0.00705461,0.00580352,0.00611965,0.00574745,0.00616773,0.00624891,0.0058725,0.00614705,0.00600505,0.0060033,0.007163,0.00579911,0.00664399,0.00572943,0.00571211,0.00601373,0.00589667,0.0060672,0.00592663,0.00667054,0.00592208,0.00558733,0.00597332,0.00573428,0.00726559,0.0062374,0.00603855,0.0062226,0.00621545,0.00565772,0.00628424,0.00569124,0.00574056,0.00649969,0.0059509,0.00581188,0.00598493,0.00589171,0.00581708,0.00621351,0.00584867,0.00585449,0.00573803,0.00585772,0.00578502,0.00585662,0.00624165,0.00572003,0.00633556,0.00657792,0.00567302,0.00577981,0.00574637,0.00684061,0.00614698,0.0060869,0.00604501,0.00570088,0.00582184,0.00571671,0.00729676,0.00617712,0.00579718,0.00577215,0.00813716,0.0119844,0.00610667,0.00625544,0.00578836,0.00756727,0.00605778,0.00582605,0.00804104,0.00650607,0.00650735,0.00649803,0.00656166,0.00599879,0.00610083,0.00652145,0.00614667,0.00590667,0.00633473,0.00578709,0.00689097
,0.00901522,0.00740872,0.00662315,0.00629718,0.00587496,0.0061485,0.00691856,0.00599973,0.00676016,0.00587116,0.00829364,0.00567831,0.00631948,0.00600587,0.00591403,0.0062455,0.00580644,0.00734178,0.00578443,0.00599405,0.00609365,0.00587831,0.00589627,0.0060048,0.00587281,0.00683622,0.00626508,0.00592496,0.00660859,0.0067605,0.00581401,0.00682224,0.00568138,0.00568401,0.00586381,0.0060031,0.0070564,0.00579141,0.00564149,0.00599894,0.00593162,0.00571425,0.00626092,0.00570144,0.0059602,0.0060203,0.00773177,0.00595641,0.00595734,0.00614295,0.00604212,0.00604794,0.00610118,0.0056433,0.00572696,0.00562232,0.00564333,0.00642225,0.00568236,0.00591898,0.00571314,0.00591088,0.00698493,0.0058857,0.00584081,0.006845,0.00569453,0.00595248,0.0059143,0.00655742,0.00634067,0.00582475,0.00585549,0.00605905,0.00575721,0.00639596,0.00589376,0.00570323,0.00576478,0.00873307,0.00808771,0.00577966,0.00645681,0.00572725,0.00813719,0.00586335,0.00576366,0.00591036,0.00605221,0.00598271,0.00620057,0.00614835,0.0061831,0.00586553,0.00609378,0.00596041,0.00601176,0.00613605,0.00698948,0.00649168
,0.00825729,0.00800041,0.00704197,0.00609148,0.00623489,0.00570721,0.00603847,0.00602175,0.00654374,0.00611497,0.00645007,0.00691796,0.00591034,0.00616766,0.00575169,0.00631044,0.00601141,0.0061973,0.00618142,0.00698795,0.00618345,0.00601154,0.00594279,0.00583991,0.00619038,0.00656493,0.00572781,0.00628745,0.00611859,0.00604395,0.00607253,0.00752558,0.0061003,0.00615935,0.00570964,0.00568806,0.00593588,0.00571612,0.0058191,0.00605198,0.00568829,0.00562397,0.00563613,0.00570121,0.00616688,0.00567582,0.0059941,0.00580841,0.00565477,0.00690542,0.00574123,0.00578413,0.00604819,0.00588399,0.00581949,0.0062149,0.00603357,0.0057795,0.0066577,0.00616333,0.00636455,0.00567657,0.00577931,0.00575574,0.00622713,0.00576158,0.00578723,0.00586937,0.00575683,0.00581343,0.00570274,0.00769875,0.00572857,0.00579007,0.0057709,0.00595854,0.0061936,0.00579647,0.00600379,0.00618117,0.0065057,0.00587353,0.00619745,0.00584723,0.0107224,0.00750149,0.00602014,0.00575706,0.00593359,0.00593727,0.00582744,0.00590721,0.00583632,0.00585843,0.00584674,0.00580706,0.00595566,0.00577666,0.00591585,0.00667533
,0.00786857,0.00804726,0.0064366,0.00597135,0.00601776,0.0067936,0.00607558,0.00625016,0.00603162,0.00660934,0.00642557,0.00596055,0.00616432,0.00571157,0.00613311,0.00605846,0.00608672,0.00613518,0.00612906,0.00621744,0.00615106,0.00621511,0.00565325,0.00572125,0.00588721,0.00600607,0.00604611,0.00587541,0.00626128,0.00588737,0.00561542,0.0063939,0.0058201,0.00568001,0.00559106,0.00598371,0.00568975,0.00710321,0.00560176,0.00584855,0.00661201,0.00684657,0.00696,0.00592564,0.00569535,0.00576283,0.00575557,0.00563203,0.00669078,0.00590036,0.00620836,0.0059949,0.00563377,0.00581141,0.00571461,0.00571617,0.00595346,0.00570295,0.00588129,0.00630671,0.00577272,0.00588497,0.00570801,0.00596513,0.00696199,0.00590033,0.00581208,0.00567538,0.00624245,0.00584539,0.00616912,0.00861639,0.00571342,0.00599495,0.00576661,0.00576188,0.0057986,0.00572738,0.0059356,0.00625915,0.00911309,0.00634417,0.00626526,0.00573058,0.0103892,0.00617212,0.00597116,0.00653906,0.00579973,0.0060281,0.00666358,0.00654747,0.00596391,0.00672949,0.00622852,0.00593308,0.00608768,0.00593071,0.00611685,0.00599579
,0.00773112,0.00790418,0.0064148,0.00641255,0.00605155,0.00601729,0.00609791,0.00621198,0.00597173,0.00589666,0.00613283,0.00571507,0.00602712,0.00701647,0.00587296,0.00695885,0.0059541,0.00605422,0.00613737,0.00607827,0.00618542,0.00597196,0.00621141,0.00622257,0.00581967,0.00586652,0.00584764,0.00704347,0.00645774,0.00567895,0.00601282,0.00573648,0.00569534,0.0057487,0.00602224,0.00581186,0.0056811,0.00585723,0.00561443,0.00602108,0.00586964,0.0058409,0.00578904,0.00587341,0.00722808,0.00652601,0.00692928,0.00609182,0.00590763,0.00572509,0.00685444,0.00585304,0.00633488,0.00588134,0.00576613,0.00840872,0.00581781,0.00649907,0.00566148,0.00599616,0.00582282,0.00578801,0.00613254,0.00575762,0.00610122,0.00678993,0.00641963,0.0069784,0.00597022,0.00613561,0.00568498,0.00860493,0.00585075,0.0059226,0.00606232,0.00608747,0.00589141,0.00647917,0.00571049,0.00590099,0.010811,0.00592678,0.00595212,0.00571979,0.00792983,0.00626922,0.00641011,0.00657781,0.00712836,0.00607128,0.00584859,0.00585957,0.00603007,0.00592617,0.00592115,0.00589159,0.00591766,0.00590474,0.00592984,0.00624254
,0.00807701,0.00880618,0.00623546,0.00616351,0.00580285,0.00601774,0.0059387,0.00601069,0.00623948,0.00610437,0.00598649,0.0056724,0.00657731,0.00596954,0.00584281,0.00599129,0.00582824,0.00604927,0.00587537,0.00583139,0.00600334,0.00749486,0.00587917,0.00615906,0.00585513,0.0058404,0.00625578,0.00603814,0.00648673,0.00669734,0.00581397,0.00595934,0.00573197,0.00721466,0.00568924,0.00570929,0.00591679,0.00558632,0.00623934,0.00593801,0.00565089,0.00576873,0.00596282,0.00757577,0.00585887,0.00570673,0.00585712,0.00594627,0.00578687,0.00566653,0.00606037,0.00567884,0.005831,0.00633777,0.00622104,0.00628551,0.00615967,0.00619809,0.0067194,0.00612065,0.00895555,0.00573025,0.00578355,0.00565081,0.00586894,0.00670654,0.00582059,0.0057732,0.0057022,0.00577597,0.00570875,0.00915054,0.00580072,0.00563127,0.00577122,0.00571177,0.00570808,0.0057642,0.00659656,0.00574719,0.00654284,0.00648293,0.00607963,0.00629977,0.00694791,0.00601805,0.00589135,0.00682653,0.00631928,0.00719602,0.00591567,0.00578369,0.00591249,0.00594057,0.00666979,0.00607972,0.00575301,0.00601251,0.00588984,0.00625058
,0.00800803,0.00731815,0.00638342,0.00611172,0.00688452,0.00577713,0.00625687,0.00600751,0.0065349,0.00580634,0.0059206,0.00683099,0.00595906,0.00595981,0.00581416,0.00624199,0.00801626,0.0061557,0.00610864,0.00643508,0.00608465,0.0071725,0.00598056,0.00581098,0.00616795,0.00600351,0.00588858,0.0060696,0.00610661,0.00596938,0.00586312,0.00585551,0.00602498,0.00579642,0.00572495,0.00679533,0.00578222,0.00668683,0.00579242,0.00609114,0.00638096,0.00568501,0.00619709,0.0069094,0.00560913,0.00573144,0.00592987,0.00564341,0.00661101,0.00625933,0.00627163,0.00582791,0.00562869,0.00619997,0.0057881,0.00564001,0.00572779,0.00574256,0.00572768,0.00576802,0.00575719,0.00615662,0.00565825,0.00607439,0.00640753,0.0068545,0.00565148,0.00575456,0.00587878,0.00706828,0.00642683,0.00746394,0.00575367,0.00581374,0.00605795,0.00582889,0.0057942,0.00587692,0.00581432,0.00590215,0.00617969,0.00589456,0.00596716,0.0058578,0.0074519,0.00590961,0.0058896,0.0061045,0.005863,0.00619451,0.00628332,0.00641664,0.00723891,0.0059951,0.00591688,0.00588028,0.00613711,0.00593845,0.00606311,0.00589977
,0.00775491,0.00717706,0.00633936,0.00610621,0.0060492,0.00618795,0.00601167,0.00590856,0.00629752,0.00680293,0.00600962,0.00646409,0.00588237,0.00597489,0.00609584,0.00576821,0.00744264,0.0060488,0.00604912,0.00612926,0.00609686,0.0064805,0.0061922,0.00572417,0.00614535,0.00601172,0.00603214,0.00569834,0.00625655,0.00582689,0.00598833,0.00563235,0.00588525,0.00561447,0.00706042,0.00597124,0.00565285,0.00591949,0.00611983,0.00615421,0.00585618,0.00637831,0.00570695,0.00603825,0.00665391,0.00664634,0.00579167,0.00679646,0.00631041,0.00595113,0.00753086,0.00573982,0.00664971,0.0061645,0.00571356,0.00653286,0.00722283,0.00614415,0.00586635,0.00729555,0.00591287,0.00590663,0.00595524,0.00571118,0.00576542,0.00608784,0.00609055,0.00660312,0.00582494,0.00579587,0.00577635,0.00905849,0.00574203,0.00572128,0.0061491,0.0063015,0.00574921,0.00571029,0.00655323,0.00579399,0.0058995,0.00589509,0.00597756,0.0059985,0.00763681,0.00708523,0.00596363,0.00575709,0.00589061,0.00595819,0.00594677,0.00601483,0.00583624,0.00580155,0.00581961,0.00654631,0.00590326,0.00633636,0.00602289,0.00708546
,0.00767252,0.007189,0.00642344,0.00606344,0.00619472,0.0061021,0.00606388,0.00595723,0.00606681,0.00649504,0.005997,0.00592215,0.00557969,0.00579105,0.00603767,0.00583886,0.00702743,0.00608826,0.00597523,0.00593305,0.00606851,0.00613642,0.00621358,0.00597179,0.00644317,0.00579863,0.00577232,0.00704657,0.00570906,0.00571095,0.00598148,0.00646824,0.0056212,0.00617382,0.00596641,0.0059754,0.00674456,0.00563962,0.00697585,0.00723162,0.00609192,0.00615048,0.0056775,0.0056627,0.00576222,0.00573895,0.00572442,0.00587389,0.00631256,0.00576212,0.00591014,0.00580091,0.00585349,0.00652478,0.00653702,0.00573107,0.0057476,0.0057689,0.00661085,0.00580337,0.00589762,0.00907889,0.00593262,0.00763792,0.00592018,0.00575999,0.00610159,0.00597274,0.00569179,0.00580086,0.005739,0.00649794,0.0056984,0.00601839,0.00571939,0.00655966,0.00578963,0.00568367,0.00586438,0.00581594,0.00591907,0.00735466,0.00646408,0.00639984,0.00611543,0.00593121,0.00584181,0.00602769,0.00589752,0.00636755,0.00744696,0.00676485,0.00581679,0.00614123,0.00614684,0.00592727,0.00699655,0.00594829,0.00610443,0.00598035
,0.00943039,0.00720835,0.00645851,0.0059529,0.00595314,0.00590769,0.00603331,0.00641752,0.00599371,0.00613263,0.00587809,0.00586622,0.0056816,0.00598617,0.00597591,0.00702606,0.00646333,0.0062184,0.00580309,0.00625969,0.00582768,0.0058665,0.00582431,0.00607402,0.00608494,0.00573056,0.00622344,0.00595514,0.00671658,0.00685221,0.0059604,0.00583568,0.00645624,0.00625203,0.0057714,0.0064996,0.00586614,0.00564585,0.00571903,0.00625884,0.00567585,0.00581211,0.00562692,0.00608889,0.00816756,0.00598189,0.00589644,0.0058291,0.00662238,0.00604189,0.00568414,0.00718585,0.00599779,0.00574153,0.00578818,0.00561041,0.00754193,0.00568267,0.00574221,0.00571859,0.00579722,0.00617225,0.00574399,0.00574012,0.00644669,0.00611101,0.00576037,0.00578461,0.00576347,0.00662135,0.00586731,0.00591026,0.00573824,0.00575151,0.00636024,0.00593365,0.00587521,0.00569248,0.00580708,0.00581692,0.00629791,0.00782521,0.00604161,0.0058814,0.0061775,0.00599363,0.00735134,0.00581768,0.00615765,0.00595231,0.00585589,0.00595274,0.0061037,0.00589828,0.00589819,0.00580504,0.00595434,0.00582124,0.00597801,0.00599321
,0.00858435,0.0091451,0.00645663,0.00641931,0.00597534,0.00589204,0.00581927,0.00607132,0.00725326,0.00592661,0.00605931,0.00595071,0.00623881,0.00599199,0.00600465,0.00597989,0.00629405,0.0065464,0.00695035,0.00605837,0.00571746,0.00637634,0.00566236,0.00591654,0.00637381,0.0065411,0.00569792,0.00618637,0.00594922,0.00604391,0.005921,0.00586647,0.00590177,0.00614951,0.00569098,0.00621896,0.0058598,0.00596127,0.00568023,0.00600898,0.00681623,0.00589589,0.00600106,0.00610937,0.00642001,0.00623359,0.00572282,0.0057093,0.00651269,0.00598567,0.00617549,0.00589888,0.00670773,0.0058728,0.00570855,0.00610441,0.00634474,0.00702057,0.00573144,0.00595153,0.00634193,0.0061277,0.0062871,0.0057232,0.00581233,0.00582542,0.00652412,0.00615782,0.00571278,0.00577957,0.00564643,0.00601823,0.00577497,0.00575888,0.00573127,0.00567319,0.00581378,0.0060839,0.00607119,0.00577637,0.00880822,0.00811125,0.00587933,0.0063709,0.00584705,0.00623349,0.00586618,0.00580718,0.00597985,0.00754727,0.00580366,0.00572181,0.00584128,0.00580487,0.00692868,0.00601596,0.00578179,0.00598755,0.00579522,0.00641805
,0.0119028,0.00729037,0.00637305,0.00633655,0.00662571,0.00577472,0.00622104,0.00588305,0.00656955,0.00587081,0.00652354,0.00596309,0.00601513,0.0059644,0.00617224,0.00618831,0.00611171,0.0061073,0.0062461,0.00615211,0.0065873,0.00582545,0.00627305,0.00581008,0.00644617,0.00604898,0.00605945,0.00569174,0.00576733,0.00578257,0.00649468,0.00574954,0.00577341,0.00671978,0.00617617,0.00627995,0.00597209,0.00665576,0.0057096,0.00590082,0.00583232,0.00581797,0.00575478,0.00560292,0.00586582,0.00569671,0.00825909,0.00592662,0.00629357,0.00595452,0.0064662,0.00586853,0.00585367,0.00685674,0.00618235,0.00578042,0.00617783,0.00570665,0.00678623,0.00595708,0.0057369,0.00692368,0.00572281,0.00654887,0.00571078,0.00565455,0.00617005,0.00594495,0.00682283,0.00590707,0.00589311,0.0060714,0.00577619,0.00580719,0.00600062,0.00569883,0.00578842,0.00600531,0.00639496,0.00627464,0.00583663,0.0090439,0.00584611,0.0058588,0.00579029,0.00690823,0.00590387,0.00597267,0.00570813,0.00597901,0.00603166,0.00609868,0.00644249,0.00605501,0.00598192,0.00589294,0.00605495,0.00595823,0.0061099,0.00597253
,0.00944495,0.00714507,0.00708463,0.00627543,0.0062751,0.00623605,0.0059569,0.00589181,0.00626196,0.00722776,0.00630977,0.00595207,0.00620011,0.00584488,0.00588769,0.0059093,0.00597731,0.00610018,0.00606379,0.00616262,0.00598808,0.00578971,0.00603351,0.00602108,0.00610439,0.00609047,0.00574722,0.00632714,0.00579129,0.00604352,0.00610187,0.00619027,0.00559,0.00588175,0.00568889,0.0056656,0.0061429,0.00619143,0.00616072,0.00572851,0.00566076,0.00561334,0.00563545,0.00612674,0.00566743,0.00574153,0.00719397,0.00570793,0.00596652,0.00772634,0.00615624,0.00656981,0.00585578,0.0065107,0.00594817,0.0055989,0.00632806,0.00576701,0.00574355,0.00646293,0.0061502,0.00575642,0.00564788,0.00584076,0.00611085,0.0060687,0.00586928,0.00589575,0.00594182,0.00605601,0.00572669,0.00589574,0.00576365,0.00580106,0.00571603,0.00573874,0.00572482,0.00607788,0.00646803,0.005818,0.00586719,0.0082291,0.00587554,0.0057423,0.00741745,0.00616993,0.00600027,0.00597301,0.00618384,0.00583821,0.00584844,0.00586927,0.00600991,0.00588403,0.0059582,0.0062544,0.00584905,0.00724019,0.00592698,0.00736707
,0.00856686,0.00710309,0.00649792,0.0061556,0.00610298,0.00614916,0.00606037,0.00604784,0.00603362,0.0060093,0.00608213,0.00570772,0.00569502,0.00718295,0.00588408,0.00595096,0.00576262,0.006088,0.0057582,0.00610822,0.00666317,0.00576158,0.00583146,0.00605746,0.00628557,0.00571418,0.00615751,0.00587394,0.00631885,0.00623321,0.00568971,0.00588152,0.0068145,0.00577685,0.00557033,0.00669541,0.0059482,0.00635444,0.00579737,0.00668951,0.00678804,0.0064582,0.00600936,0.00578732,0.00722356,0.00617505,0.00656749,0.00563665,0.00622561,0.00601682,0.00561659,0.00590584,0.00564759,0.00623867,0.00565573,0.00584469,0.00574849,0.00639107,0.00572557,0.0058558,0.00585893,0.00580777,0.00612246,0.00566569,0.00583627,0.00577828,0.00586243,0.00604955,0.00575426,0.00586358,0.00595709,0.00604503,0.00580011,0.00575177,0.00567849,0.00578624,0.00572601,0.00582433,0.00593621,0.00575667,0.00586342,0.00667957,0.00577914,0.00584105,0.00589777,0.00580861,0.00577615,0.00614906,0.00587445,0.00609472,0.00679111,0.00699339,0.00576804,0.00714506,0.00609173,0.0059136,0.00755354,0.00601882,0.00590901,0.00592713
,0.00803644,0.00695338,0.0064281,0.00600133,0.00595776,0.00589384,0.00597114,0.00756361,0.00585946,0.00596139,0.00590032,0.00559463,0.00672249,0.00600725,0.00584728,0.00656708,0.0059845,0.00625884,0.00652643,0.00575725,0.00632776,0.00641876,0.00563395,0.00598026,0.00617975,0.00679518,0.00590453,0.00626173,0.00583899,0.00618392,0.00582394,0.00589827,0.00586113,0.0056228,0.00747892,0.00595511,0.00579198,0.00571707,0.00558189,0.00575635,0.00583844,0.00595498,0.00602861,0.00564127,0.00621041,0.00596702,0.00599506,0.00680855,0.00614535,0.00581682,0.00599672,0.00606724,0.00634743,0.00637348,0.0064218,0.00621115,0.00574096,0.00584659,0.00691597,0.00565682,0.00576009,0.00699448,0.00577662,0.00678951,0.00568738,0.00575511,0.00577912,0.0056912,0.00641399,0.00642111,0.00648049,0.0059567,0.0057345,0.0057429,0.00576941,0.00582477,0.00575579,0.00573464,0.00585489,0.00584639,0.00582972,0.00602525,0.00613318,0.00572329,0.00652879,0.00586385,0.00604818,0.00581945,0.0069263,0.00586265,0.00587078,0.00586278,0.00605966,0.00583426,0.00598011,0.00591439,0.00604473,0.00598209,0.00602053,0.00631547
,0.00886973,0.00782439,0.00645901,0.00647603,0.0057762,0.00587479,0.00586022,0.0071017,0.00685876,0.00577482,0.00574406,0.00689076,0.00598057,0.00624895,0.00578753,0.00625839,0.00619992,0.00611698,0.00615002,0.00620744,0.00638489,0.00594864,0.00643928,0.00573151,0.00597396,0.00583394,0.00620237,0.00636963,0.00586388,0.00567129,0.00599429,0.00565948,0.00570196,0.00569808,0.00592419,0.00566843,0.00663755,0.00601892,0.00602641,0.00608239,0.0059778,0.00588456,0.00586448,0.00644174,0.00560583,0.00568233,0.00577935,0.00597873,0.00564428,0.0062221,0.00604501,0.00577151,0.00573431,0.00626369,0.00607479,0.00616661,0.00739999,0.00614616,0.00596805,0.0063534,0.00569388,0.00588008,0.00621742,0.00580654,0.00592911,0.00607354,0.00667932,0.00784567,0.00589336,0.00587738,0.00607772,0.00639045,0.0059306,0.00579985,0.00581991,0.00574077,0.00568808,0.00625896,0.00611043,0.00597261,0.00581372,0.00624143,0.00584792,0.00582817,0.00760775,0.00725019,0.00596601,0.00583062,0.00592859,0.00630593,0.00576206,0.0057251,0.00583231,0.00590008,0.0067632,0.00609151,0.00586364,0.00625958,0.00582647,0.00605117
,0.00895082,0.00717178,0.00650799,0.00660501,0.00663141,0.00746208,0.00669771,0.00704772,0.00629932,0.00577637,0.00685483,0.00626145,0.00585594,0.00579167,0.00654153,0.00604734,0.00621144,0.00589945,0.00590903,0.00624094,0.006202,0.00580945,0.00591777,0.00576596,0.00574787,0.00576698,0.00595596,0.00672866,0.00582502,0.00598117,0.00748369,0.00592191,0.00569652,0.00566741,0.00595648,0.00561641,0.00589123,0.00656271,0.00565213,0.00561081,0.0060304,0.00560285,0.00668475,0.00597394,0.00721788,0.00574005,0.00676038,0.00578902,0.00687494,0.00590343,0.00565539,0.00591764,0.00565625,0.00579435,0.00595234,0.00603055,0.00629281,0.00629986,0.00580839,0.00582114,0.00579121,0.00575827,0.00606091,0.00843581,0.00573486,0.00582234,0.00595465,0.00731235,0.00568532,0.00568419,0.00598397,0.00613165,0.00581396,0.00569074,0.00569506,0.00579776,0.00575924,0.00587313,0.00723362,0.0059421,0.00589815,0.00636097,0.00586157,0.00579587,0.00674156,0.00611212,0.00617111,0.00636917,0.00592077,0.00585718,0.00625076,0.00632334,0.00677833,0.00616917,0.00586352,0.0059895,0.00627373,0.0058704,0.00749875,0.00589769
,0.00864501,0.00714441,0.00653927,0.00619145,0.00607957,0.00598279,0.00646112,0.00640305,0.00603114,0.00621849,0.00600579,0.00588534,0.00560615,0.00585335,0.00606779,0.00669171,0.00575092,0.00575689,0.00573477,0.00603453,0.00601781,0.00592381,0.00583918,0.00599552,0.00587767,0.00572471,0.00600317,0.00605403,0.00606675,0.00599059,0.00618335,0.00577146,0.00618155,0.00561351,0.00563967,0.0060379,0.00568444,0.00596008,0.0056924,0.00583345,0.0059169,0.00610104,0.00590765,0.00556762,0.00614197,0.00597077,0.00623556,0.00718284,0.00595345,0.00578011,0.00659889,0.00721521,0.00606728,0.00661353,0.00571734,0.00561471,0.00606717,0.00583093,0.00674469,0.00573311,0.00574073,0.00623275,0.00592127,0.0069322,0.00565359,0.00567365,0.00579027,0.00653515,0.00584703,0.00595824,0.00818389,0.00593946,0.00757136,0.00574268,0.00587287,0.00568872,0.00572655,0.00592032,0.00733762,0.00583541,0.00597549,0.00589172,0.00638306,0.00577728,0.00667205,0.00634303,0.00694432,0.00623721,0.00615836,0.00594368,0.00583384,0.00593261,0.00601476,0.00584975,0.00589095,0.00635617,0.0060004,0.00676977,0.00615064,0.00705684
,0.00827902,0.0070992,0.0068658,0.00614747,0.00602911,0.00616843,0.00635577,0.0064591,0.0059262,0.00608307,0.00605198,0.00623034,0.00557662,0.00622358,0.00607675,0.00595136,0.00663276,0.00712299,0.0061727,0.00576925,0.00582142,0.00663012,0.00558469,0.00592966,0.00623541,0.00619132,0.00566337,0.00615209,0.00583113,0.00582637,0.0073113,0.00572225,0.00574065,0.00599276,0.00629483,0.00587599,0.00604898,0.00573356,0.00630696,0.00598074,0.00607738,0.0059533,0.00580078,0.00642168,0.00622465,0.00570105,0.00600821,0.0060732,0.00571212,0.00568968,0.00595745,0.00681309,0.00611806,0.00573522,0.00617689,0.00678802,0.00738946,0.00582855,0.00578076,0.00590414,0.00676622,0.00583164,0.00645072,0.00605052,0.00581077,0.00623984,0.00714135,0.00598238,0.00572537,0.00577138,0.0064856,0.00573631,0.00676122,0.00569032,0.0057775,0.00569817,0.00585491,0.00570113,0.00745713,0.0059401,0.00602989,0.00605551,0.00572981,0.00610392,0.00656859,0.00603385,0.00598784,0.00649571,0.00598311,0.00608293,0.00649514,0.00609202,0.00594987,0.00699115,0.00617447,0.00599539,0.00605479,0.0063439,0.00622821,0.00588884
,0.00819552,0.00702137,0.00646121,0.00602426,0.00591598,0.00582748,0.0059951,0.00623273,0.00601397,0.00588153,0.00578746,0.00568549,0.00599219,0.00595022,0.00583068,0.005958,0.00622465,0.00635936,0.00624136,0.006492,0.00648966,0.0059199,0.00620546,0.00587252,0.00597847,0.00578986,0.00626798,0.00587508,0.00574972,0.00576339,0.00589888,0.00604066,0.00574495,0.00587554,0.00582353,0.00565979,0.00604533,0.00662177,0.0057755,0.00563345,0.00579857,0.00560682,0.0056697,0.00568854,0.00687142,0.00564129,0.00667442,0.00583422,0.00565361,0.00634786,0.00591329,0.00620784,0.00561907,0.00592546,0.00577513,0.0057491,0.00571389,0.00650126,0.00581112,0.00571027,0.00577247,0.00566209,0.00587598,0.00711598,0.00578249,0.00589175,0.00618682,0.00571193,0.00752353,0.0060325,0.00718919,0.00588838,0.00589923,0.00591498,0.00587918,0.00580449,0.0057635,0.00583392,0.00709922,0.00667659,0.00622207,0.00593091,0.00574682,0.00576854,0.00671928,0.00585732,0.00578505,0.00637533,0.00596794,0.00594309,0.00594993,0.00607044,0.00610062,0.00598899,0.00582355,0.00592512,0.00649948,0.00579984,0.00586675,0.00590621
,0.00821867,0.00699556,0.00643224,0.00643205,0.00586921,0.00606106,0.00661848,0.00623584,0.0067329,0.00582164,0.0070099,0.00657345,0.00587162,0.00597915,0.00707983,0.00583044,0.00607706,0.00592217,0.00615961,0.00608395,0.00625308,0.00586958,0.00600083,0.00586823,0.00583053,0.00563465,0.00585491,0.00616101,0.00568058,0.00650642,0.00585825,0.00647321,0.0071736,0.0056036,0.00557785,0.00673812,0.00584013,0.00575061,0.00597548,0.00611523,0.00612523,0.00588391,0.00605698,0.00576484,0.00605887,0.00592468,0.00569677,0.00608132,0.00589748,0.00580914,0.00684614,0.00630544,0.00630529,0.00708935,0.00569207,0.00572547,0.00595016,0.005819,0.00695796,0.00594939,0.0057263,0.00604241,0.00567097,0.00580061,0.0068582,0.00614978,0.00574532,0.00650471,0.00622999,0.00596827,0.00642592,0.00583445,0.00583625,0.00609722,0.00589497,0.00647791,0.00571942,0.00576541,0.00608889,0.00663077,0.00606655,0.00596516,0.00574604,0.00577421,0.00821895,0.00674619,0.00635601,0.00585244,0.00593334,0.00686536,0.00591358,0.00587011,0.00604229,0.00579566,0.00695258,0.00626331,0.0059907,0.00601267,0.00615154,0.00586226
,0.0079741,0.00745578,0.00634076,0.00629242,0.00619176,0.00708503,0.00612005,0.00583687,0.00622204,0.00700865,0.00619828,0.00587346,0.00618778,0.00571489,0.00834206,0.00638494,0.00599923,0.00586914,0.00616658,0.00587268,0.00592815,0.005698,0.00584545,0.005997,0.00570324,0.00571235,0.00593098,0.00597835,0.00650414,0.00603517,0.00560449,0.00597728,0.00589703,0.00739765,0.00683712,0.0061904,0.00561817,0.00572824,0.00747212,0.00571637,0.00595416,0.00576884,0.00581668,0.00567453,0.00561575,0.00569911,0.00568315,0.00604106,0.00573113,0.0074216,0.00612305,0.00574488,0.00586051,0.00589954,0.00582874,0.00651635,0.00640363,0.0056946,0.00585647,0.00592313,0.0058774,0.00576013,0.00719739,0.00626647,0.00605466,0.00588143,0.00599484,0.00588594,0.00578008,0.00668122,0.00808436,0.00594146,0.00594633,0.00666088,0.00571568,0.00633297,0.00577042,0.00572776,0.00697838,0.00605112,0.00947899,0.00585588,0.00894962,0.00636954,0.00640711,0.00942727,0.00591003,0.00675004,0.00577656,0.00648656,0.00625449,0.0067086,0.00683898,0.0066023,0.00591934,0.00791969,0.00597847,0.00597209,0.00591571,0.00618863
,0.00791168,0.00712519,0.00631516,0.00621094,0.00610035,0.00630351,0.00602507,0.00595527,0.00608066,0.00606106,0.00610413,0.00570871,0.00565674,0.00614042,0.00649534,0.00595192,0.00700608,0.00632879,0.00603199,0.00666572,0.00591999,0.00689327,0.00645276,0.00629894,0.00603924,0.00603269,0.00568989,0.00591743,0.00602206,0.00579983,0.0059144,0.00558603,0.00579245,0.00572361,0.00589771,0.0056611,0.00680558,0.00563115,0.00569064,0.00575591,0.00567534,0.0056297,0.00833032,0.00619003,0.00748779,0.0056761,0.00565987,0.00570646,0.00603862,0.00734198,0.00591629,0.00627748,0.00568581,0.00573363,0.00597527,0.00567569,0.00625243,0.00692774,0.00603904,0.00566241,0.00572214,0.00565987,0.00582202,0.00614364,0.00574279,0.00570327,0.00574537,0.00567115,0.00599029,0.00727435,0.00974634,0.00585883,0.00576244,0.00633971,0.00587142,0.00645401,0.00608723,0.00573239,0.00767501,0.00601033,0.00629223,0.00644847,0.00723953,0.00581128,0.00587998,0.00625879,0.00957772,0.00622125,0.00594904,0.00574949,0.00580026,0.00644859,0.005964,0.00588145,0.00664816,0.00738208,0.00584872,0.0062823,0.00609475,0.0066605
,0.00808346,0.00840354,0.00664608,0.00607195,0.00611288,0.00614679,0.00608721,0.0061507,0.00587896,0.00590146,0.00570133,0.00558556,0.00748021,0.00600762,0.00616275,0.00603395,0.00619719,0.00598661,0.00617921,0.00635137,0.0061635,0.00598284,0.00608104,0.00622341,0.00583138,0.00582549,0.00628724,0.00566058,0.0059143,0.00562366,0.00584736,0.0064897,0.0057255,0.00577233,0.00572552,0.00558501,0.00606465,0.00625597,0.00568527,0.00661226,0.008115,0.00687663,0.00635052,0.00598205,0.0058538,0.00650113,0.00593704,0.00575182,0.00621683,0.00656618,0.00573278,0.0058487,0.00683408,0.00589725,0.00568819,0.00581499,0.00650997,0.00573898,0.00662127,0.00680754,0.00570305,0.00598848,0.00574325,0.00577345,0.00724177,0.00637318,0.00565765,0.00593666,0.00582656,0.00584023,0.00870122,0.00570842,0.005799,0.00594962,0.00589921,0.00623924,0.0058241,0.00594469,0.00742067,0.00609376,0.00641694,0.00635328,0.00603721,0.00573165,0.00599322,0.00605727,0.00631972,0.00659104,0.00634187,0.00624129,0.00581749,0.0067479,0.00585914,0.00695084,0.0063743,0.00659234,0.00629471,0.00596492,0.00625209,0.00631382
,0.00800124,0.00829066,0.00645395,0.00604703,0.00593353,0.00572318,0.00590191,0.00596808,0.00586437,0.00569915,0.00580079,0.0064429,0.00595991,0.00640719,0.00671168,0.00580846,0.00594461,0.00601525,0.00606444,0.00612682,0.0061203,0.00580178,0.00605982,0.00621047,0.00567999,0.00610476,0.00574597,0.00588405,0.00577689,0.00598191,0.00592525,0.00592003,0.00872601,0.00652882,0.00769421,0.0058643,0.00587406,0.00573445,0.0055859,0.00602275,0.00625642,0.00591859,0.0062612,0.00553392,0.0056088,0.00570615,0.00572995,0.00740007,0.00586555,0.00592595,0.00600603,0.00562134,0.00602082,0.00582107,0.00660196,0.00613055,0.00623003,0.0056719,0.0084163,0.005778,0.00588478,0.00570264,0.00703117,0.00573505,0.006189,0.0059841,0.00594622,0.00590546,0.00624709,0.00565625,0.00764495,0.00581159,0.00581362,0.00574204,0.00724439,0.00631999,0.00577238,0.00621935,0.0061089,0.00597113,0.00796985,0.00702144,0.00584567,0.00601778,0.00606507,0.00584904,0.00595901,0.00616828,0.00652276,0.00675889,0.00867817,0.00633248,0.00639866,0.00602134,0.00594472,0.00675158,0.00601832,0.00659571,0.00590136,0.00653537
,0.0102498,0.00856912,0.00770524,0.00599625,0.0069682,0.00670122,0.00666004,0.00583113,0.00644928,0.00573045,0.0062412,0.00617791,0.00570234,0.00603796,0.00622238,0.00572505,0.00595801,0.00582437,0.00584636,0.0060661,0.00602784,0.00567093,0.00594309,0.00614753,0.00570067,0.00582782,0.00595059,0.00578933,0.00595917,0.00594075,0.0056358,0.00585254,0.00722074,0.00581582,0.00649132,0.00578968,0.00614496,0.00559526,0.00738997,0.0056472,0.00582442,0.00585928,0.00610445,0.00671935,0.00579951,0.00563035,0.00579161,0.00685639,0.00574604,0.00605794,0.0057704,0.00609534,0.00571585,0.00563988,0.0060304,0.00586306,0.00577869,0.00723044,0.00726999,0.00563196,0.00577258,0.00565568,0.00587074,0.00585395,0.00569395,0.00572874,0.00577995,0.00567202,0.0063115,0.00601797,0.00690084,0.00843078,0.00566599,0.00568481,0.00572249,0.00571524,0.00573966,0.00578579,0.0058982,0.00607913,0.00876206,0.00926986,0.00592864,0.00705824,0.00587082,0.00752123,0.0060917,0.0058892,0.00613524,0.00766775,0.00725327,0.00604931,0.00585362,0.00579578,0.00603135,0.00587926,0.00621117,0.00616497,0.00579642,0.00589111
,0.00908683,0.00789239,0.00748044,0.00675438,0.00766848,0.00594119,0.0061964,0.00587375,0.0060426,0.00603403,0.00599121,0.00587361,0.00566699,0.00632983,0.0061209,0.00601176,0.00865544,0.00579639,0.00587307,0.00583341,0.00593955,0.00620775,0.0057763,0.00577255,0.00668528,0.00608817,0.00727955,0.00583998,0.00614933,0.00586125,0.0059428,0.00563447,0.00650615,0.00568039,0.006034,0.00557315,0.00626298,0.00603871,0.0061577,0.00570635,0.00664549,0.00562045,0.00708021,0.00587836,0.0060172,0.00700898,0.00600426,0.0062121,0.00587198,0.00592041,0.00575381,0.00575429,0.00570571,0.00563953,0.00581845,0.00563386,0.00713463,0.00581176,0.00639872,0.00592202,0.0070936,0.00585326,0.00601527,0.00586383,0.00600679,0.00669659,0.00574632,0.00628477,0.0061283,0.00598622,0.00830568,0.00750404,0.00571481,0.00570619,0.00587106,0.00631137,0.00589672,0.0058922,0.00604209,0.00607712,0.00911024,0.00803264,0.00595962,0.00634032,0.00585492,0.00641955,0.00622451,0.00678218,0.00580427,0.00599744,0.00641845,0.00642787,0.00629862,0.00594901,0.00588479,0.0059382,0.00601701,0.00587642,0.00596827,0.00582523
,0.00849459,0.0073923,0.00718175,0.00634055,0.00651907,0.0059176,0.00607735,0.00667536,0.00591673,0.00595185,0.00596682,0.00633652,0.00564907,0.0059845,0.00606217,0.00603573,0.00609253,0.00655411,0.0066368,0.00699109,0.00603304,0.00578799,0.00649301,0.0056641,0.00603044,0.00584991,0.00645734,0.00566195,0.0057298,0.00576256,0.00591942,0.00594192,0.00642892,0.00585307,0.0058774,0.00695529,0.00598401,0.00584232,0.00623817,0.00618971,0.00611699,0.00589129,0.00616127,0.00564788,0.00572651,0.00576971,0.00584249,0.00626639,0.00594078,0.00574487,0.00624911,0.00571237,0.005981,0.00630163,0.00598191,0.0064251,0.00584651,0.00568959,0.00631802,0.00580881,0.0057419,0.00581836,0.0062976,0.00571415,0.00773982,0.00592057,0.00586538,0.00582026,0.00610892,0.00901344,0.00822677,0.00903084,0.00568428,0.00592789,0.00586954,0.00628679,0.00581297,0.00573355,0.00737527,0.00736608,0.00880281,0.0104112,0.00599264,0.00574761,0.00668427,0.00623433,0.00617473,0.00599329,0.00600518,0.00590482,0.00588218,0.00622608,0.00584101,0.0057964,0.00588647,0.00606566,0.00578425,0.0060359,0.00593466,0.00624551
,0.00835093,0.00718372,0.00740646,0.0069531,0.00630172,0.00574196,0.00593226,0.0061167,0.00584195,0.00598651,0.00573653,0.00590869,0.00654447,0.00645901,0.00579377,0.00594867,0.00606608,0.00610689,0.00611651,0.00617841,0.00620669,0.00583104,0.00594463,0.0058767,0.0057863,0.00620902,0.00611971,0.00586521,0.00619182,0.00661371,0.00604827,0.00586874,0.00604376,0.00582444,0.00664983,0.00587154,0.00638529,0.00603961,0.00632547,0.00584771,0.00581054,0.00570161,0.00567918,0.0066603,0.00570433,0.005601,0.00575247,0.0059938,0.00565347,0.00599318,0.00583235,0.00674788,0.00615187,0.00578141,0.00571463,0.00575371,0.00571796,0.00731129,0.00665721,0.00622861,0.00581912,0.00563926,0.00578984,0.00613902,0.00723859,0.00568243,0.0056794,0.00581115,0.00590373,0.0100817,0.00759324,0.00927158,0.0058345,0.00596584,0.00610162,0.00575893,0.00638725,0.00583703,0.00767328,0.00792822,0.010429,0.00863674,0.00593041,0.0128224,0.00588353,0.00618736,0.00585622,0.00575375,0.0063296,0.00611606,0.00681621,0.00681283,0.00578695,0.00671042,0.00614482,0.00605774,0.00718779,0.00580897,0.00605157,0.0060136
,0.008002,0.00720344,0.00723437,0.0064549,0.00593172,0.00696123,0.00601855,0.00593327,0.00673683,0.00581584,0.0068608,0.00679462,0.00593564,0.00625554,0.00602185,0.00586179,0.00582283,0.00624843,0.00610492,0.0062223,0.005909,0.00568284,0.00587144,0.00603824,0.00578739,0.00584912,0.00610697,0.00593792,0.00590252,0.00617469,0.00715442,0.00576774,0.00591717,0.00569288,0.00585969,0.00571276,0.006124,0.0067245,0.00635961,0.00567039,0.00574561,0.00563868,0.00672813,0.00634662,0.00643919,0.00650445,0.00593738,0.00568686,0.00585835,0.00586656,0.00565046,0.0060362,0.0057357,0.00570527,0.00563238,0.00559683,0.00656974,0.00620681,0.00634243,0.00642475,0.00595528,0.00607887,0.00579296,0.00571204,0.00633711,0.00605886,0.00733862,0.00585351,0.00567584,0.00961831,0.00756645,0.00691301,0.00571759,0.00569352,0.00572378,0.00570307,0.00580518,0.00583421,0.00714001,0.00806591,0.00809973,0.00844542,0.00606682,0.00879696,0.00586019,0.00582616,0.00576666,0.00603076,0.00569164,0.00651563,0.00585692,0.00592604,0.00586708,0.00607195,0.00600782,0.00677603,0.0059014,0.00738487,0.00612048,0.00734607
,0.0077079,0.00771399,0.00668901,0.00630014,0.00629296,0.00594375,0.00654386,0.00587605,0.00627081,0.00657758,0.00617416,0.00598567,0.00632535,0.00593639,0.00610791,0.00685382,0.00573075,0.00617183,0.00751077,0.00581934,0.00642602,0.00628866,0.0056969,0.0058995,0.00648222,0.00594889,0.00646982,0.00581086,0.00608388,0.00716794,0.00656552,0.00668314,0.0056189,0.00561811,0.00567332,0.00563276,0.00603492,0.00600473,0.00603315,0.00731393,0.00603419,0.00619875,0.00598327,0.00565178,0.00580405,0.00935385,0.00579375,0.0069901,0.00600948,0.00609994,0.00609233,0.00585358,0.00614343,0.0060345,0.00593327,0.00632158,0.00591784,0.00573932,0.00588297,0.00616022,0.00582296,0.00594901,0.00591438,0.00582874,0.00609374,0.00583798,0.00645541,0.00573876,0.00601803,0.00997552,0.00822688,0.00614059,0.00582019,0.00570276,0.00590864,0.00613176,0.00595092,0.00731508,0.00799592,0.00652406,0.00742941,0.00882652,0.00607509,0.00805281,0.00640662,0.00668017,0.00603019,0.00583549,0.00605479,0.00709204,0.00574807,0.0058848,0.00577092,0.00587605,0.00766255,0.00635048,0.00604776,0.00599454,0.00651503,0.00596556
,0.00774565,0.00762286,0.00637063,0.00643315,0.00596921,0.00594174,0.00610661,0.00574582,0.00610397,0.00624325,0.00599041,0.00585139,0.00562437,0.00595596,0.00604657,0.00598889,0.00613766,0.00669391,0.00676391,0.00625181,0.00591456,0.00590025,0.00648661,0.00586603,0.00596154,0.00575347,0.00612655,0.00557997,0.0056846,0.00635748,0.00579375,0.00615969,0.0061447,0.00578029,0.00563673,0.00593193,0.00573717,0.00585977,0.00616893,0.00578085,0.00581087,0.00607061,0.00584103,0.00567364,0.00561193,0.00615056,0.00563156,0.00591798,0.00590025,0.00693636,0.00572297,0.00643322,0.00749232,0.0057253,0.0057383,0.00566429,0.00570099,0.00725993,0.00652348,0.00599477,0.00771823,0.00568617,0.0057645,0.00578662,0.00701585,0.00582294,0.00580628,0.00708413,0.00569112,0.00947938,0.00912919,0.00607326,0.00592052,0.00570111,0.00585053,0.00584884,0.00577191,0.00638102,0.00757992,0.00824293,0.00678879,0.00856331,0.00598234,0.00711037,0.00632839,0.00598056,0.00592629,0.00596878,0.00592285,0.00616523,0.00639796,0.00636521,0.00667692,0.00643369,0.00587773,0.00583586,0.00598917,0.00590877,0.00583468,0.00580805
,0.0079067,0.00724868,0.00635167,0.00629154,0.00593122,0.00591298,0.00601235,0.00712952,0.00599338,0.00592502,0.00616127,0.00563299,0.00680619,0.00621714,0.00588467,0.00593455,0.00585266,0.00620844,0.00623639,0.00617156,0.00604366,0.00603693,0.00585838,0.00609638,0.00599121,0.00575951,0.00595995,0.00672044,0.00622519,0.00611604,0.00562581,0.00587895,0.00577943,0.00573197,0.00592567,0.00574447,0.0057787,0.00688485,0.00579616,0.00621789,0.00560799,0.00575544,0.00559785,0.00598063,0.00613508,0.00690462,0.00661811,0.00568513,0.00573632,0.00610437,0.00565784,0.00593923,0.00661046,0.0058121,0.0055967,0.00742726,0.00621616,0.00589357,0.00579135,0.00585368,0.00633379,0.00582304,0.00567886,0.00572837,0.00596704,0.00803927,0.0060536,0.006275,0.00611907,0.00883406,0.00804568,0.00595504,0.00569343,0.00579359,0.00580599,0.0059308,0.00571303,0.00583381,0.00697871,0.00816703,0.00598107,0.00622865,0.00592497,0.00650555,0.00840071,0.00573354,0.00745032,0.00603297,0.0066352,0.00597686,0.00603042,0.00584913,0.00591867,0.0058284,0.00582962,0.00683937,0.00587321,0.0060702,0.00589597,0.00599541
,0.00801342,0.00763332,0.00759656,0.00626309,0.00582278,0.00614075,0.00592602,0.00603145,0.00604569,0.00589849,0.00576278,0.00606088,0.00617313,0.0059786,0.00719325,0.00586959,0.00582057,0.00619934,0.00604756,0.00598592,0.00600654,0.00568046,0.00649233,0.00590936,0.0060032,0.00590855,0.00577925,0.00611254,0.00581763,0.00606763,0.00685651,0.00555038,0.00563192,0.00562192,0.00565022,0.00563082,0.00600349,0.00577263,0.00556981,0.00561056,0.00648581,0.00636101,0.00615235,0.00569862,0.00574286,0.00586186,0.00592909,0.0067267,0.00612646,0.00576764,0.00728411,0.00587216,0.00616201,0.00661255,0.00615056,0.00720388,0.00587869,0.00565767,0.00581333,0.00601038,0.0056499,0.00594304,0.00590549,0.00649543,0.00569628,0.0063033,0.0057812,0.00615148,0.00577167,0.00746235,0.00819469,0.0063608,0.00572089,0.00571766,0.00576881,0.00576463,0.00577948,0.00586029,0.00659823,0.00656836,0.0059495,0.00621334,0.00603607,0.00903557,0.00595436,0.00600932,0.00585501,0.00573599,0.00619882,0.0063202,0.00695085,0.00716721,0.00581803,0.00671063,0.00618354,0.00652211,0.00667317,0.00581418,0.00602942,0.00584938
,0.00802654,0.0073247,0.00650423,0.00621626,0.00607851,0.00602874,0.00584189,0.00601949,0.00682375,0.00622427,0.00624016,0.00617288,0.00658997,0.00576674,0.00612123,0.00619143,0.00578237,0.00605405,0.00596285,0.00582461,0.00588305,0.00627755,0.00602409,0.00579247,0.00615903,0.00604407,0.006637,0.00580602,0.00626099,0.0060081,0.00605938,0.00655939,0.00666913,0.00592904,0.00560436,0.00666077,0.00570968,0.00575,0.00600857,0.00581946,0.00635557,0.00596988,0.00584982,0.0055733,0.0056888,0.00572889,0.00564304,0.00595132,0.00578257,0.00563138,0.00586151,0.00560649,0.00607712,0.00610625,0.00587527,0.00609432,0.00698066,0.00738151,0.00628847,0.00615073,0.00591166,0.00574726,0.00576402,0.00574213,0.00598923,0.00634725,0.005981,0.00611186,0.00567875,0.00624533,0.00754278,0.00585076,0.00576925,0.0057511,0.0056994,0.0058485,0.00634258,0.00599023,0.0061395,0.00626987,0.00587519,0.0060152,0.00579605,0.00701482,0.00596623,0.00598239,0.00588326,0.00615625,0.00572715,0.00592196,0.00583516,0.0059397,0.00597055,0.00592008,0.00584785,0.00602966,0.00587185,0.00613425,0.00595014,0.00722478
,0.00781338,0.00748061,0.00645698,0.00606643,0.00607196,0.00589512,0.00613003,0.00589758,0.00613263,0.00637978,0.00610699,0.00602718,0.00613145,0.00661966,0.00616365,0.00606841,0.00694794,0.0068925,0.00636062,0.00570486,0.00576359,0.00583968,0.00638413,0.005715,0.00597026,0.00586191,0.00591291,0.00566806,0.00578008,0.00678066,0.00597716,0.0058886,0.005849,0.00572351,0.00699717,0.00593512,0.0058866,0.00566388,0.00564261,0.00566392,0.00562251,0.00573236,0.00559199,0.00598032,0.0068655,0.00651712,0.00621213,0.00582008,0.00566216,0.00597984,0.00667841,0.00595603,0.00571044,0.00578995,0.00563637,0.00664832,0.00614934,0.00591223,0.00583112,0.00566772,0.00572158,0.00583576,0.00565552,0.00574202,0.00582835,0.0057761,0.005959,0.00596435,0.0066872,0.00663578,0.00690877,0.00596666,0.00571931,0.00583733,0.0057446,0.00570657,0.00643233,0.0057237,0.00599355,0.00972235,0.00587551,0.00600196,0.0058513,0.00627346,0.0076467,0.00585495,0.00624827,0.00595612,0.00597862,0.00698484,0.00593934,0.00585985,0.00581819,0.00581698,0.00683191,0.00588649,0.00627241,0.00599412,0.00667797,0.0058699
,0.00778127,0.00714951,0.00646426,0.00692237,0.00621028,0.00576271,0.00599689,0.00617518,0.00605902,0.00609625,0.00595053,0.00621375,0.00613151,0.00601366,0.0059615,0.0064335,0.00610959,0.00620554,0.00601779,0.0061638,0.00682562,0.00585623,0.00612094,0.0059108,0.00584499,0.00577084,0.00582715,0.00616328,0.00655865,0.00628384,0.00572916,0.00588679,0.0057974,0.00570155,0.00590335,0.00560414,0.00672411,0.00591246,0.00563539,0.00565071,0.00585136,0.00565234,0.00592953,0.00584436,0.00568535,0.00571075,0.00574799,0.00566028,0.00700089,0.00567211,0.00702222,0.00586148,0.00606554,0.00714509,0.00601646,0.00583205,0.00645369,0.00572635,0.00574883,0.0071516,0.00569428,0.0061075,0.0060974,0.00721333,0.00574396,0.00572025,0.0057511,0.00577005,0.00577206,0.0061678,0.00642392,0.00608444,0.00566684,0.00589445,0.00578851,0.0057374,0.00590785,0.0057785,0.00611416,0.00798113,0.00598191,0.00598391,0.00581038,0.00581207,0.00672496,0.005909,0.00588268,0.00659345,0.00593894,0.00610326,0.00643596,0.00593638,0.00689592,0.00632645,0.00595437,0.00744724,0.00590333,0.00579661,0.0059774,0.00631095
,0.00798448,0.00718184,0.00632714,0.00624912,0.00603446,0.00576683,0.00597602,0.00619663,0.00599388,0.00605629,0.00578585,0.00583895,0.00597366,0.00623427,0.00662907,0.00612902,0.00615851,0.00631578,0.0060062,0.00589914,0.00606931,0.00557974,0.00587628,0.00599144,0.0057351,0.00837739,0.00579535,0.00590907,0.00630028,0.00578325,0.00603306,0.00562074,0.00578083,0.00621151,0.00578744,0.00558557,0.00590486,0.00569542,0.0064189,0.00656754,0.00584906,0.00582768,0.00635411,0.00739433,0.00573632,0.00579507,0.00564759,0.00601338,0.00591681,0.00567205,0.00610315,0.00564109,0.00574306,0.00623024,0.00602514,0.00560977,0.0064353,0.00741349,0.00612432,0.00580127,0.00604437,0.00795517,0.00641961,0.00582856,0.00586662,0.00690782,0.00581138,0.00594139,0.0056579,0.00581345,0.00691103,0.00599463,0.00584985,0.00569477,0.00570594,0.00578731,0.00572503,0.0056942,0.00589054,0.00632595,0.00581405,0.00591817,0.00602469,0.00587938,0.00921484,0.00581972,0.00582269,0.00595857,0.0062128,0.00590336,0.00578479,0.0058104,0.00614271,0.00593953,0.00591401,0.00590749,0.00586879,0.00598247,0.00589406,0.00608667
,0.00800129,0.0070804,0.00684575,0.0061801,0.00601401,0.00704366,0.0058587,0.00601829,0.00622137,0.00617682,0.00689754,0.00608455,0.00608614,0.00578744,0.00600613,0.0059618,0.00574807,0.00615028,0.00581631,0.00578466,0.00596647,0.00620735,0.00571235,0.00592799,0.00593693,0.00615322,0.00683674,0.00574315,0.0059601,0.00573176,0.00580819,0.00614608,0.00610544,0.00603768,0.00557072,0.00610872,0.00557442,0.00561792,0.00589434,0.00589404,0.00604275,0.00572427,0.00571192,0.00688794,0.00787605,0.00561689,0.00588824,0.00575305,0.00566703,0.00622047,0.00610692,0.00609622,0.00593468,0.00566539,0.00580481,0.00571014,0.00589538,0.00598392,0.00571834,0.00570633,0.00586268,0.00720342,0.00569721,0.00575474,0.00584279,0.00582755,0.00649216,0.00585829,0.00651883,0.00589387,0.00903118,0.00641053,0.00593253,0.00657195,0.00567573,0.00584412,0.00574234,0.00572296,0.00568843,0.00600614,0.00629523,0.00623946,0.00578981,0.00586756,0.00614805,0.00620685,0.00633538,0.00574498,0.0059947,0.00599533,0.00710923,0.00687745,0.00580836,0.00701395,0.00620131,0.00589923,0.00609512,0.00576284,0.00607739,0.00649265
,0.00789993,0.00701147,0.00654454,0.00607327,0.00653115,0.00605402,0.00617604,0.00598279,0.00605565,0.00638718,0.0061615,0.00598473,0.00596913,0.00597973,0.00618134,0.00611771,0.00665778,0.00685758,0.0058682,0.00571787,0.00572669,0.00605165,0.00684053,0.00564074,0.00594553,0.00617298,0.00612345,0.00581772,0.00570605,0.00606606,0.00559672,0.00622262,0.00581369,0.00610387,0.00634979,0.00581562,0.00613282,0.00602305,0.00593985,0.00591824,0.00583495,0.00570861,0.00764987,0.00605635,0.00598854,0.00615358,0.00578408,0.00561784,0.0067656,0.00583514,0.00566774,0.00589513,0.00607055,0.00636278,0.00677997,0.00563702,0.00614947,0.00568424,0.00573083,0.00599418,0.00597158,0.00610293,0.00614981,0.00630067,0.00563725,0.00576627,0.00579042,0.00575153,0.00583377,0.00598612,0.00966141,0.0060375,0.00573209,0.00587375,0.00573297,0.00582226,0.0056925,0.00586228,0.00600063,0.00660024,0.00675005,0.00621838,0.00574664,0.0057539,0.00708254,0.00602568,0.00595934,0.00592531,0.00574077,0.0059629,0.00634463,0.00601056,0.00608985,0.00592929,0.00582456,0.00623029,0.00585975,0.00644101,0.00582809,0.00631876
,0.00767144,0.00683552,0.00649248,0.00608957,0.00623142,0.0059116,0.00617332,0.00587403,0.005986,0.00610207,0.00617344,0.00819429,0.00585561,0.00607309,0.00599659,0.00626627,0.00649492,0.00642263,0.00633425,0.00686612,0.00633324,0.0059624,0.00588884,0.00607432,0.00598012,0.00584213,0.00588998,0.00594269,0.00677821,0.00610344,0.00644804,0.00593333,0.0056906,0.00769901,0.00613886,0.00560774,0.00589213,0.00568955,0.00633598,0.00687375,0.0059441,0.00639145,0.00577356,0.00562708,0.00563419,0.00579445,0.00590986,0.00634583,0.00630818,0.00596773,0.00601087,0.0057539,0.00608736,0.00631659,0.00586645,0.00586748,0.00587844,0.00717103,0.00620685,0.00572884,0.00576003,0.0063277,0.00574818,0.00608099,0.0060719,0.00588667,0.00630143,0.00597067,0.0057124,0.00574776,0.0090919,0.0064144,0.00568807,0.00578922,0.00601291,0.00570913,0.00572152,0.00578741,0.00601332,0.0059818,0.00603764,0.00605586,0.00574946,0.00579658,0.0068828,0.00573797,0.0067741,0.00586319,0.00625564,0.0057553,0.00615438,0.0058121,0.00593099,0.00579157,0.00685444,0.00602256,0.00654869,0.0060516,0.00689494,0.00603462
,0.00788823,0.00798398,0.00643171,0.00789335,0.00601596,0.00612614,0.00607968,0.00582066,0.00592865,0.00606735,0.00595708,0.00735916,0.00661204,0.00598709,0.0059943,0.00578873,0.00588222,0.00614699,0.00600883,0.00613462,0.00613343,0.0059895,0.00594302,0.00593431,0.00569249,0.00637636,0.00577046,0.00578017,0.00586412,0.00571643,0.00614892,0.00697437,0.0057976,0.00607191,0.00612491,0.00672801,0.00574954,0.00570103,0.00599376,0.00755006,0.00573083,0.00628444,0.00593756,0.00610131,0.00690411,0.0056655,0.00666101,0.0060496,0.00612494,0.00613445,0.00573088,0.00687239,0.00561154,0.00589346,0.00570073,0.00575451,0.00581497,0.00599877,0.00632399,0.00597173,0.00568344,0.00573651,0.0058439,0.00585566,0.00590739,0.00581484,0.00577305,0.0060452,0.00591728,0.00570079,0.00768437,0.00579264,0.00570805,0.0058354,0.00596994,0.00571623,0.0061905,0.0058398,0.00597669,0.00768438,0.0059207,0.00598738,0.00576018,0.00573329,0.00580853,0.00663363,0.00581473,0.00579333,0.00593928,0.00621314,0.00617159,0.00599397,0.00607405,0.00628639,0.00604144,0.00726058,0.00586613,0.00588389,0.00593635,0.00685365
,0.00861603,0.00720755,0.00634291,0.00622573,0.00614777,0.00660543,0.0059099,0.00615617,0.00592102,0.00603255,0.00588147,0.00690667,0.0061609,0.00615553,0.00608447,0.00578143,0.00574407,0.00609167,0.00589767,0.0058637,0.00602088,0.00651991,0.00571196,0.00585864,0.00649724,0.00589858,0.0063777,0.00576243,0.00587361,0.00569597,0.00594979,0.00609117,0.00599416,0.00583184,0.0068703,0.00579799,0.00602647,0.0070643,0.00585586,0.00664841,0.00559285,0.00571534,0.00557365,0.00589364,0.00595116,0.00622056,0.00630029,0.00584362,0.00591953,0.00594396,0.00566576,0.00602851,0.00681614,0.00649009,0.00580613,0.00568584,0.00637699,0.00590299,0.00627786,0.00602965,0.00618176,0.00563806,0.00608478,0.00680351,0.00574189,0.00612801,0.00568102,0.00709479,0.00578263,0.00659251,0.00663103,0.00573956,0.00566878,0.00570451,0.00568536,0.00568531,0.00624636,0.0058745,0.00581819,0.00781307,0.00597787,0.00710958,0.00605066,0.00951847,0.00611624,0.00643279,0.00587676,0.00585291,0.00603336,0.00576313,0.00575283,0.00588857,0.00624797,0.0058487,0.00578661,0.00581446,0.00581966,0.00746184,0.00621005,0.00597341
,0.00903827,0.00706312,0.00632726,0.00610125,0.00580175,0.00602236,0.00596512,0.0059303,0.00606947,0.00566242,0.00628084,0.00654291,0.00635619,0.00588874,0.00762137,0.0068611,0.00878414,0.00708881,0.0058104,0.00573875,0.00593818,0.00591108,0.00632884,0.00565615,0.00722718,0.00573195,0.00608061,0.0061086,0.00753285,0.00591904,0.0055537,0.00592279,0.00590022,0.0060137,0.00590223,0.00578107,0.00614714,0.00750722,0.00556878,0.00650254,0.0065769,0.00658417,0.00579234,0.00563579,0.00568249,0.00568434,0.00589932,0.00640159,0.00607632,0.00574203,0.00622452,0.00569063,0.00649781,0.00618684,0.00636205,0.00694959,0.00599926,0.00767645,0.00717465,0.0056495,0.00572134,0.00583662,0.00794584,0.00575372,0.00598872,0.00599743,0.00708924,0.00590697,0.00643055,0.00657962,0.00578885,0.00578282,0.00609601,0.00587039,0.00577882,0.00571637,0.00579068,0.00603308,0.00644919,0.00612971,0.0078773,0.00620062,0.00572928,0.00731046,0.00644462,0.0059615,0.00610273,0.00588193,0.00595233,0.00641515,0.00730857,0.00611192,0.00603723,0.00704265,0.00610991,0.00596543,0.00732171,0.00625976,0.00594988,0.00580938
,0.00815748,0.00698854,0.00656397,0.00609535,0.00688557,0.00594271,0.00632406,0.00602587,0.00680488,0.00613596,0.00595777,0.00609979,0.00607214,0.00628213,0.0065083,0.00636169,0.00591583,0.00620386,0.00743149,0.00634051,0.00597416,0.00647625,0.00584254,0.00597833,0.00679946,0.00578211,0.00606472,0.00605209,0.00709417,0.00580463,0.00654481,0.00565291,0.00589015,0.00572329,0.00575784,0.0074369,0.00569494,0.00610647,0.00602089,0.00609843,0.00583186,0.0057017,0.0056908,0.00733748,0.00556782,0.00561283,0.00622494,0.00605105,0.00599824,0.00562068,0.00597164,0.00747748,0.00565509,0.006139,0.00579635,0.0057399,0.00564925,0.00587715,0.00575212,0.00679071,0.00570546,0.00599773,0.00661656,0.00570489,0.00581727,0.00591352,0.00587592,0.00573275,0.00575704,0.00587611,0.0057221,0.00582651,0.00779141,0.00645783,0.00611158,0.0056902,0.00587285,0.00576361,0.00595638,0.00842661,0.00895477,0.00675587,0.00588492,0.00693057,0.00707662,0.00608922,0.00602953,0.00709908,0.00582258,0.00615155,0.00589654,0.00602775,0.00586008,0.0069368,0.00583539,0.00603335,0.00582358,0.00595863,0.00578111,0.00620579
,0.00787208,0.0068171,0.00643858,0.0060506,0.00601939,0.00587031,0.00668979,0.0057715,0.00599518,0.00607283,0.00572434,0.00585457,0.00602916,0.00588675,0.00606503,0.0061361,0.00607006,0.00607837,0.00654895,0.00612158,0.00615477,0.00596856,0.00586438,0.00591114,0.0066884,0.00652689,0.00577171,0.0059402,0.00650207,0.0056943,0.00583527,0.00607219,0.00677234,0.00568588,0.00583322,0.00683396,0.00557691,0.00677557,0.00587293,0.00579819,0.00574774,0.00559467,0.00561048,0.00587932,0.00606496,0.00636948,0.00584254,0.00580112,0.00562713,0.00620903,0.00559371,0.00594567,0.00724635,0.00654209,0.00598265,0.00564809,0.00641612,0.00632033,0.00567551,0.00594576,0.00589404,0.00599548,0.00610968,0.00639698,0.00567809,0.00566046,0.00576038,0.00620877,0.00641778,0.007587,0.00570046,0.00581009,0.00580759,0.00643337,0.00619548,0.00587481,0.00572335,0.00572707,0.00847207,0.0067142,0.00905932,0.00662914,0.00572466,0.00598737,0.00857187,0.00591735,0.00700538,0.00593237,0.00620774,0.00580955,0.00582733,0.00580368,0.00590911,0.00583063,0.00693216,0.00613984,0.00744579,0.00598769,0.0059554,0.00588547
,0.00896387,0.00775427,0.00678555,0.0063105,0.00604872,0.00590221,0.00617806,0.0058654,0.00611084,0.00590075,0.00636743,0.00746523,0.0062021,0.00597809,0.00601255,0.00593124,0.00577488,0.00603102,0.00632013,0.00593383,0.00589632,0.00612813,0.0060346,0.00582336,0.00600805,0.00590602,0.00684366,0.0057308,0.00607855,0.00592392,0.00560046,0.00585289,0.00594599,0.00562763,0.00624722,0.00611416,0.00578018,0.00630601,0.00565021,0.00579634,0.00581939,0.00601518,0.00699909,0.00564171,0.00592365,0.00569248,0.00589334,0.00586896,0.00599722,0.00602125,0.00661198,0.00593384,0.00619889,0.00588547,0.00600105,0.00664619,0.0057411,0.00615232,0.0070657,0.00564712,0.00616948,0.00580325,0.00613679,0.00577101,0.0059041,0.00592741,0.00648191,0.0059445,0.00714112,0.00668275,0.00574328,0.00593715,0.00581123,0.00591232,0.0058776,0.00585897,0.00575538,0.00580576,0.00911285,0.00834064,0.00948602,0.0067351,0.0058518,0.010296,0.00645378,0.00705158,0.00588997,0.00586368,0.00613285,0.00590111,0.00637178,0.00628318,0.00596001,0.00597161,0.0070663,0.00744299,0.00609912,0.00687941,0.00601577,0.00677011
,0.00863856,0.00722119,0.0065004,0.00698423,0.00604618,0.00609621,0.00599288,0.00638917,0.00586114,0.00590163,0.00654756,0.00605257,0.00603216,0.00628605,0.00601851,0.00667513,0.00711037,0.0067495,0.00598453,0.00576331,0.00594866,0.00588092,0.0065045,0.00578185,0.00617433,0.00590945,0.00594775,0.00631107,0.0060961,0.00637012,0.00562717,0.00577471,0.00572475,0.00623667,0.00577363,0.00633846,0.00622067,0.00590762,0.0060454,0.00646157,0.00601395,0.005766,0.00611439,0.00579394,0.00563662,0.00563828,0.00682812,0.00602219,0.00582638,0.00574163,0.00591836,0.0057482,0.0059326,0.00571457,0.00608908,0.00577342,0.00571259,0.00569782,0.00627973,0.00676953,0.00681745,0.00615294,0.00628527,0.00571556,0.00634283,0.00580341,0.00582983,0.00573873,0.00631774,0.00593713,0.00628057,0.00591856,0.0057144,0.00570411,0.00577494,0.00578707,0.00585533,0.00601886,0.00782465,0.00822254,0.00919382,0.00597785,0.00575599,0.00912372,0.00751283,0.00620978,0.00581681,0.00603492,0.00589096,0.0057606,0.00583377,0.00601696,0.00597495,0.00789805,0.00623441,0.00593559,0.00596759,0.00592068,0.00600461,0.00594395
,,,,,,,,,,,,,,,,,,,,,,,,,,,,,,,,,,,,,,,,,,,,,,,,,,,,,,,,,,,,,,,,,,,,,,,,,,,,,,,,,,,,,,,,,,,,,,,,,,,,
,,,,,,,,,,,,,,,,,,,,,,,,,,,,,,,,,,,,,,,,,,,,,,,,,,,,,,,,,,,,,,,,,,,,,,,,,,,,,,,,,,,,,,,,,,,,,,,,,,,,
,,,,,,,,,,,,,,,,,,,,,,,,,,,,,,,,,,,,,,,,,,,,,,,,,,,,,,,,,,,,,,,,,,,,,,,,,,,,,,,,,,,,,,,,,,,,,,,,,,,,
,1,3,5,7,9,11,13,15,17,19,21,23,25,27,29,31,33,35,37,39,41,43,45,47,49,51,53,55,57,59,61,63,65,67,69,71,73,75,77,79,81,83,85,87,89,91,93,95,97,99,101,103,105,107,109,111,113,115,117,119,121,123,125,127,129,131,133,135,137,139,141,143,145,147,149,151,153,155,157,159,161,163,165,167,169,171,173,175,177,179,181,183,185,187,189,191,193,195,197,199
filter_freq_2d,8.49596102040816,7.51447346938775,6.61996612244898,6.32026428571429,6.16998510204082,6.11898816326531,6.1235093877551,6.1592606122449,6.19702755102041,6.09545142857143,6.17424346938776,6.17354183673469,6.06802612244898,6.07962693877551,6.18707897959184,6.15826142857143,6.28824387755102,6.25073040816327,6.15563653061225,6.11650510204082,6.10112306122449,6.07333612244898,6.02056081632653,5.92451142857143,6.07650204081633,6.09734877551021,6.06668530612245,6.02939857142857,6.11164530612245,6.05633897959184,6.02867142857143,6.02154183673469,6.05280918367347,5.97415653061225,6.04634836734694,6.0361706122449,5.98659918367347,6.06606612244898,5.9745893877551,6.10737244897959,6.02853224489796,5.92963142857143,6.07644591836735,6.04221979591837,6.13774448979592,6.03229040816327,6.09511673469388,6.04766816326531,6.0499206122449,6.08055755102041,6.08677244897959,6.06528020408163,6.08192183673469,6.08852571428572,5.93557959183674,6.0637693877551,6.18302857142857,6.16907326530612,6.23902612244898,6.03619877551021,6.02672979591837,6.06603551020408,6.04665795918367,6.10782979591837,6.10100469387755,6.05654510204082,6.02930285714286,6.08218367346939,6.04392224489796,6.58435244897959,6.96128387755102,6.5145612244898,5.87839367346939,5.87697102040816,5.88259326530612,5.94209040816326,5.86206755102041,5.89325959183674,6.54545142857143,6.71643224489796,7.23599346938776,6.77822448979592,6.04220897959184,6.59264346938776,6.95455571428571,6.2865912244898,6.17103510204082,6.14976224489796,6.10261265306123,6.21834469387755,6.25240163265306,6.17272816326531,6.08093428571429,6.2079506122449,6.19019306122449,6.23208857142857,6.14649285714286,6.14364979591837,6.08097571428572,6.25578163265306
filter_space_2d,0.123098265306122,0.403470693877551,0.782493755102041,1.45490163265306,3.83351632653061,5.54619693877551,3.12134346938776,3.14605163265306,3.11592979591837,4.05172795918367,4.04876979591837,3.97552632653061,4.00752591836735,4.03193142857143,4.05888734693878,4.08473367346939,4.16597653061224,4.10301979591837,4.06788448979592,4.07254693877551,4.03667612244898,5.58489306122449,5.46194020408163,5.17326693877551,5.26965857142857,5.34006653061225,4.45944102040816,4.54938979591837,4.65259591836735,5.35492775510204,6.10328020408163,6.10473979591837,6.19848081632653,9.68503551020408,6.56167244897959,6.82493428571429,6.76762591836735,8.25974510204082,8.31391,7.02201836734694,6.86564693877551,6.90826163265306,6.95448081632653,7.08662551020408,7.94328265306122,7.93576673469388,8.28905591836735,5.83474387755102,5.88267326530612,5.89061918367347,5.86871571428571,5.86106448979592,5.85439183673469,6.26812020408163,6.30109326530612,10.0954432653061,10.2718291836735,6.65607183673469,6.88653775510204,11.2185673469388,11.193012244898,7.71454979591837,7.58663877551021,7.67148897959184,7.63706714285714,7.66089163265306,8.15916469387755,8.31907693877551,8.90499653061224,9.36927265306123,9.53028693877551,8.89044326530612,7.81511816326531,8.78772367346939,8.99925612244898,9.04526244897959,9.07212306122449,9.22306163265306,10.0350314285714,6.51010673469388,6.94400653061224,6.70540897959184,5.9637393877551,6.49195081632653,6.67104428571429,6.11393367346939,6.73499,6.61712795918368,6.7484887755102,6.73370183673469,6.83305857142857,6.8207312244898,6.73457306122449,6.86515591836735,6.81184551020408,6.81649020408163,6.73773959183674,6.90528163265306,6.47143816326531,6.42610204081633
filter_freq_sep2d,13.0075040816327,11.6897755102041,11.2447973469388,10.7605734693878,10.6393648979592,10.6238318367347,10.5536004081633,10.6976283673469,10.6047,10.5594573469388,10.6821695918367,10.5168355102041,10.3955557142857,10.4803510204082,10.5558959183673,10.6390228571429,10.8134387755102,10.6656353061224,10.6167842857143,10.5152073469388,10.5156504081633,10.4888514285714,10.4706283673469,10.4341428571429,10.5609481632653,10.4927589795918,10.5115997959184,10.4912255102041,10.6405051020408,10.5165253061224,10.3652463265306,10.4464157142857,10.4151108163265,10.3253712244898,10.3199132653061,10.4076353061225,10.3102906122449,10.3786267346939,10.3429285714286,10.5664651020408,10.3593269387755,10.4460859183673,10.3404295918367,10.6221002040816,10.3638151020408,10.3537693877551,10.54943,10.4404871428571,10.5462648979592,10.567653877551,10.437326122449,10.524353877551,10.5179346938776,10.491543877551,10.4030985714286,10.3302895918367,10.5239285714286,10.2714793877551,10.6451759183673,10.3473657142857,10.4155055102041,10.5223193877551,10.3934042857143,10.5225255102041,10.4814546938776,10.4166502040816,10.3660940816327,10.4013759183673,10.4431402040816,11.1471871428571,12.0328116326531,11.2331379591837,10.0268330612245,9.98883489795919,9.93731163265306,10.1035536734694,9.92795632653061,9.95670918367347,11.204276122449,11.3773848979592,11.8355304081633,11.5912246938776,10.1769640816327,11.05662,11.4932104081633,10.5428026530612,10.4819563265306,10.3884318367347,10.4503532653061,10.469646122449,10.4992097959184,10.4259836734694,10.4727393877551,10.4611397959184,10.447082244898,10.6345395918367,10.4335565306122,10.5956381632653,10.4601230612245,10.453677755102
filter_space_sep2d,0.567354632653061,0.262392163265306,0.374685530612245,0.657622183673469,0.77366193877551,0.949978,1.124,1.33396387755102,1.46600653061225,1.65261693877551,1.77599734693878,1.94727612244898,2.12406408163265,2.31929040816327,2.49167306122449,2.66974591836735,2.93173591836735,3.15920102040816,3.11364775510204,3.25335897959184,3.42513,3.65647265306122,3.70450204081633,3.87109346938775,4.12622551020408,4.33149448979592,4.45914775510204,4.60582081632653,4.81464836734694,4.94095693877551,5.11929816326531,5.2193187755102,5.4492993877551,5.57263959183673,5.68844265306123,5.98960020408163,5.99637714285714,6.44646163265306,6.56096551020408,6.80914040816327,6.8847906122449,7.08570632653061,7.27530306122449,7.59332591836735,7.79381326530612,7.63841326530612,7.8940506122449,8.23855673469388,8.3947906122449,8.6158118367347,8.84904714285715,8.97971448979592,9.22740306122449,9.43262428571429,9.48595,9.76263,10.0512097959184,10.3586636734694,10.4231595918367,10.5308142857143,10.7054510204082,11.0392346938776,11.2338571428571,11.4848530612245,11.683412244898,11.8978387755102,11.8630387755102,12.2631204081633,12.4305693877551,13.2051836734694,14.4134020408163,13.8838857142857,12.9236326530612,13.0694734693878,13.1695673469388,13.5695489795918,13.6413244897959,13.9006102040816,15.0854265306122,15.9287142857143,16.744106122449,16.3912040816327,14.9384224489796,16.0821040816327,16.9165244897959,15.8920142857143,15.7589755102041,16.0125775510204,16.2493326530612,16.5051408163265,16.6264346938776,16.8086775510204,16.9816979591837,17.2270020408163,17.2430510204082,17.8814408163265,17.6517020408163,17.9381408163265,18.1695612244898,18.3352489795918
