1,3,5,7,9,11,13,15,17,19,21,23,25,27,29,31,33,35,37,39,41,43,45,47,49,51,53,55,57,59,61,63,65,67,69,71,73,75,77,79,81,83,85,87,89,91,93,95,97,99,101,103,105,107,109,111,113,115,117,119,121,123,125,127,129,131,133,135,137,139,141,143,145,147,149,151,153,155,157,159,161,163,165,167,169,171,173,175,177,179,181,183,185,187,189,191,193,195,197,199,
0.0143139,0.00930725,0.00849447,0.00637235,0.00737372,0.00769403,0.00585385,0.00578068,0.00601684,0.00565634,0.00609963,0.00626857,0.00574639,0.00587859,0.00562539,0.00578991,0.00610426,0.0059082,0.00573917,0.0057079,0.00584517,0.00573473,0.00586952,0.00625864,0.00621999,0.00572783,0.00578876,0.00560608,0.00581384,0.00565491,0.00638198,0.00586004,0.00581029,0.00598227,0.0094233,0.00687789,0.00634005,0.0060982,0.00625884,0.00625055,0.00645434,0.00750298,0.00799078,0.00723869,0.0056538,0.00584065,0.00606079,0.00719648,0.00563788,0.00640081,0.0056099,0.00586953,0.00566505,0.00583191,0.005651,0.0058132,0.0058308,0.0061753,0.00583911,0.00641683,0.00579559,0.00584565,0.00628176,0.00594962,0.00574173,0.00608107,0.00671917,0.00616966,0.00612487,0.00604498,0.00584982,0.00591324,0.00614732,0.00583754,0.00598352,0.0059029,0.00597906,0.00669439,0.00677488,0.00796535,0.00638305,0.00629858,0.00582744,0.00646886,0.00601381,0.00672696,0.00649001,0.00635593,0.0062246,0.00608826,0.00709557,0.0058285,0.00585197,0.00690758,0.00671102,0.00614953,0.0070512,0.00650081,0.00666424,0.00704284,
0.0119049,0.0059982,0.0110752,0.00712288,0.00645145,0.00644061,0.00578213,0.00596,0.00591276,0.00590131,0.00637783,0.00703047,0.00585644,0.00562447,0.00631936,0.00596367,0.0061828,0.00639195,0.00576834,0.00618287,0.00633013,0.00598263,0.00627603,0.00680549,0.00645754,0.00585398,0.0071068,0.00578747,0.00572517,0.00643123,0.0059033,0.00589261,0.00642702,0.00576571,0.00794924,0.00713434,0.00683853,0.00639157,0.00632702,0.00676767,0.00737804,0.00803026,0.00790844,0.0071945,0.00588353,0.00631165,0.00711974,0.00681007,0.0062701,0.00651296,0.00636725,0.00647696,0.00589301,0.0066198,0.00572343,0.00631392,0.00569917,0.00707652,0.00573116,0.00656169,0.00634447,0.00635182,0.00598291,0.00633227,0.00578858,0.00647775,0.00600515,0.00674465,0.00577013,0.00690463,0.00636414,0.00638695,0.00637033,0.00652437,0.00623881,0.00777389,0.00611373,0.00641982,0.00612283,0.00708208,0.00579214,0.00627594,0.00587968,0.00587828,0.00613042,0.00603804,0.00593369,0.00625916,0.00687153,0.00614811,0.00645449,0.00776387,0.00652283,0.00604648,0.00737943,0.00609251,0.00649515,0.00699652,0.00664291,0.0068464,
0.010738,0.00594133,0.00959584,0.00766721,0.00564913,0.00607842,0.00580619,0.00583062,0.0057189,0.00585867,0.00613673,0.00682756,0.00592674,0.00574366,0.00571865,0.00584776,0.00572784,0.00701867,0.00581622,0.00572147,0.00561849,0.0058628,0.00583798,0.00639738,0.00608263,0.00579481,0.00558209,0.00579219,0.00583347,0.00560657,0.00577207,0.00576754,0.00739784,0.00639438,0.00792333,0.00631474,0.00707491,0.00579605,0.00585899,0.00589795,0.00729131,0.00700571,0.00635204,0.00836246,0.00595293,0.00569308,0.00654894,0.00627374,0.00596291,0.00581525,0.00576428,0.00566409,0.00586502,0.00571427,0.005941,0.00609864,0.00571852,0.0063115,0.00577318,0.00579822,0.0077045,0.00562926,0.00629855,0.00598159,0.00613362,0.00578035,0.00585916,0.00576493,0.00680445,0.0061985,0.00891097,0.00586623,0.00582932,0.00700645,0.00757712,0.006557,0.00632532,0.00575986,0.0061234,0.00750088,0.00707389,0.00620907,0.00620825,0.00599898,0.00604378,0.00686387,0.00580129,0.00592354,0.00598242,0.0057561,0.00651512,0.00610964,0.00598456,0.00638314,0.00610756,0.00601859,0.00717229,0.00686535,0.00653558,0.00720471,
0.0102341,0.00589063,0.00773863,0.0150748,0.00570183,0.0061314,0.00560292,0.00575332,0.0059124,0.00723184,0.00647993,0.00604046,0.00590112,0.00583297,0.0055551,0.00574985,0.00577185,0.00739107,0.00570686,0.00570571,0.0056273,0.00651673,0.00607388,0.00576276,0.00652164,0.00612602,0.00574103,0.00577293,0.00594005,0.00568599,0.00571727,0.00579126,0.00932625,0.0102441,0.00899784,0.00602938,0.00713546,0.00988855,0.00627562,0.00676333,0.00874195,0.0072479,0.00836031,0.0062931,0.00603392,0.00595564,0.00629384,0.00581995,0.00584266,0.00590454,0.00614249,0.00561759,0.00572628,0.0061957,0.0057203,0.00575809,0.00582164,0.00674487,0.00605776,0.00633095,0.0060646,0.005763,0.00588198,0.00566371,0.00581135,0.00567543,0.00579953,0.0058843,0.0059541,0.00591329,0.00675004,0.00845033,0.00619808,0.00578712,0.00681414,0.00616466,0.00593196,0.00583375,0.00701355,0.00759784,0.00583522,0.00641761,0.00586831,0.00596107,0.00579685,0.00600785,0.00614047,0.00594242,0.00592883,0.00620334,0.00602761,0.00659107,0.0061914,0.00584186,0.00629571,0.00598019,0.00660938,0.00715376,0.00647919,0.00777688,
0.0111056,0.00597577,0.00927261,0.00970786,0.00606664,0.00708685,0.00584598,0.00580519,0.00569165,0.00639936,0.0072266,0.0061702,0.00597377,0.00600684,0.00568538,0.00576245,0.00584615,0.00634341,0.00589606,0.00574206,0.00600436,0.00649162,0.00612459,0.00583964,0.00601859,0.00584841,0.00562365,0.00583913,0.00564258,0.00560339,0.00574734,0.0056813,0.00676296,0.00828225,0.00853127,0.00715293,0.0064208,0.00665253,0.00597312,0.00648463,0.00671421,0.00945279,0.00740076,0.00635482,0.00583602,0.00578895,0.00999673,0.00586339,0.00606707,0.00585278,0.0058118,0.00590002,0.00592406,0.00570314,0.00571002,0.00571965,0.00605123,0.00839074,0.00579103,0.00639841,0.0072342,0.00631258,0.00642469,0.00592312,0.00576117,0.0057237,0.00594482,0.00572159,0.00574089,0.00593149,0.00857448,0.00630751,0.00595562,0.00624237,0.00603024,0.00859399,0.00682648,0.00684344,0.00624251,0.00652404,0.00592418,0.00590957,0.00587961,0.00578253,0.00591014,0.00588873,0.00602265,0.00579308,0.0058584,0.00578341,0.00586238,0.0058579,0.00599173,0.00588275,0.00595962,0.00667856,0.00652525,0.00660552,0.00641477,0.00817639,
0.0104766,0.00604582,0.0085768,0.0120422,0.00680944,0.00595591,0.00585127,0.00573683,0.00571614,0.00610004,0.00684155,0.00695304,0.00631985,0.00581995,0.0058519,0.00602699,0.00588745,0.00584983,0.00569366,0.00589162,0.00573314,0.00594167,0.00616294,0.00569346,0.0062221,0.00586237,0.00600285,0.00570158,0.00572205,0.00562424,0.0057113,0.00860684,0.00599943,0.00811691,0.00692254,0.006049,0.00647787,0.00589247,0.00590679,0.00651695,0.00758428,0.00716797,0.0102559,0.00582723,0.00590263,0.00572947,0.00644736,0.00592666,0.00576774,0.00595901,0.00599783,0.00562317,0.00571789,0.00563201,0.0057324,0.00642557,0.00577708,0.0061565,0.00582255,0.00593349,0.00623549,0.00626596,0.00647122,0.00606267,0.00689652,0.00584124,0.00580317,0.00571771,0.00581518,0.00636689,0.00724659,0.00597458,0.00573988,0.00576211,0.00595781,0.00587749,0.00608519,0.00737652,0.00667124,0.00658813,0.00603131,0.00575296,0.00633082,0.00690865,0.00588659,0.00587915,0.00579372,0.00609257,0.00688301,0.00583926,0.00693323,0.00616888,0.00624653,0.00694701,0.00600581,0.00615091,0.00718571,0.00655685,0.00685391,0.00713424,
0.0102426,0.00721979,0.00758825,0.0104554,0.00738454,0.00624825,0.00577302,0.005697,0.00588644,0.00697386,0.00725427,0.00627135,0.00581888,0.00573189,0.00560685,0.00604928,0.0060689,0.00570739,0.00575314,0.00570562,0.00563401,0.00619342,0.00901857,0.00609422,0.00582408,0.00601835,0.00567688,0.00570859,0.00575607,0.00561521,0.00604714,0.00801096,0.00596067,0.00650604,0.00817448,0.00602222,0.00646596,0.00631836,0.00656479,0.00669395,0.0113037,0.00685396,0.0102844,0.00582409,0.00587963,0.00586257,0.00904439,0.00591478,0.00589814,0.00580849,0.00594224,0.00598158,0.00578449,0.00602154,0.00605441,0.00636361,0.00579452,0.00591401,0.0061438,0.00689543,0.00648255,0.00619973,0.00720557,0.00569929,0.00572728,0.0056857,0.00602456,0.00579137,0.00579891,0.00604248,0.00747249,0.0057223,0.00576512,0.00572792,0.00630819,0.00591186,0.00602634,0.00640617,0.00595262,0.00639103,0.00611345,0.00618873,0.00600297,0.00576941,0.00598353,0.0066984,0.00604019,0.00577317,0.00600517,0.00647112,0.0058164,0.00590821,0.00606379,0.00592526,0.00680224,0.00602684,0.0066955,0.00741387,0.00660654,0.0110113,
0.00995553,0.00617597,0.00878696,0.0105326,0.0107612,0.00657577,0.00586565,0.00612128,0.00564762,0.00706061,0.00778723,0.00683641,0.00574563,0.0061398,0.00596239,0.00595614,0.00587435,0.00571597,0.00578258,0.00570583,0.00567925,0.00576564,0.00652731,0.00561414,0.00605409,0.0059849,0.00569478,0.00577003,0.00571472,0.00572507,0.00592092,0.00797618,0.00604072,0.00956192,0.00904055,0.00597661,0.00637423,0.00600228,0.00614549,0.0096865,0.0100803,0.00814587,0.00741572,0.00583512,0.00595743,0.0056391,0.00695086,0.00644634,0.00589389,0.00652464,0.00599141,0.00562965,0.00575041,0.00566235,0.00653524,0.00611044,0.00577437,0.00588239,0.00573707,0.00591542,0.0060036,0.00605196,0.00633809,0.00591422,0.00589892,0.00568452,0.00580411,0.00579443,0.00601124,0.00727832,0.00621836,0.00568489,0.006068,0.00623656,0.00685658,0.0072145,0.00694202,0.00621197,0.00582601,0.00632247,0.00586006,0.0060167,0.00591445,0.00603337,0.0058469,0.00604146,0.00666359,0.0061346,0.00606856,0.00591386,0.0063909,0.00577146,0.00598254,0.00666193,0.00617954,0.00605534,0.00660315,0.0066291,0.00669926,0.00920101,
0.00986125,0.00617513,0.00712378,0.00919916,0.00884852,0.0067474,0.00584645,0.00573088,0.00586432,0.00692718,0.00658274,0.00611817,0.00574288,0.00587925,0.0055552,0.00584181,0.00603263,0.00616949,0.0057099,0.00568703,0.00561697,0.00586991,0.00599062,0.00562153,0.00634455,0.00629279,0.00559404,0.00576486,0.00577746,0.00577374,0.00586034,0.00815484,0.00624076,0.0104211,0.00914481,0.00587169,0.0073207,0.00778223,0.00598047,0.0067415,0.00828339,0.0148348,0.0087125,0.0058778,0.00579627,0.00565699,0.0087624,0.00930448,0.00578218,0.00607657,0.00579317,0.00575091,0.00580577,0.00569336,0.00623835,0.00611757,0.00579489,0.00586288,0.00607015,0.00615536,0.0062379,0.00598643,0.0059087,0.00632918,0.00645129,0.00604468,0.00608711,0.00572062,0.00584747,0.00643873,0.00573205,0.00583282,0.00674742,0.00576164,0.00623526,0.00640746,0.00639142,0.0058971,0.00692923,0.00737097,0.00609796,0.00593329,0.00645651,0.00600088,0.0058583,0.0070977,0.0059913,0.00595116,0.00614043,0.00585265,0.00605837,0.00757839,0.0060431,0.00612915,0.00625177,0.00630689,0.00689781,0.0066874,0.00642203,0.00718854,
0.0098904,0.00608561,0.00821959,0.0103273,0.0075817,0.0062326,0.00593702,0.00592971,0.00579293,0.00633597,0.00655236,0.00672672,0.00615734,0.00612785,0.00555698,0.00575773,0.00628521,0.00568263,0.00569283,0.00576808,0.00564156,0.00810011,0.00611095,0.00565836,0.00767947,0.0063262,0.00560835,0.00579886,0.00589289,0.0057501,0.0057343,0.00830647,0.00774607,0.00830722,0.00925854,0.00587539,0.00614404,0.0111445,0.00670406,0.00622417,0.00832413,0.0104592,0.00651537,0.00580665,0.00602702,0.0065574,0.0092427,0.00609651,0.00582302,0.00566034,0.00598617,0.00570108,0.00583475,0.00576891,0.00609118,0.00570173,0.00578466,0.00591812,0.00609449,0.00577857,0.00624284,0.00582029,0.00576263,0.00569658,0.00577868,0.00728803,0.00577439,0.00591213,0.00574244,0.0061989,0.00586956,0.00571967,0.00637815,0.00601954,0.00588804,0.00581682,0.00581363,0.00586221,0.00592129,0.00778321,0.00600435,0.00635012,0.00581203,0.0057745,0.00594083,0.00600284,0.00582901,0.00594272,0.00611715,0.00581273,0.00682734,0.0101111,0.00587626,0.00622121,0.00589652,0.00745458,0.00758,0.00672294,0.00655876,0.0102978,
0.0102147,0.00673242,0.00687746,0.00997003,0.00938581,0.00606634,0.00585094,0.00579387,0.00557211,0.00625098,0.00615876,0.00632241,0.00623146,0.00590479,0.00555782,0.00615527,0.00640814,0.00578569,0.00568748,0.00605364,0.00571345,0.00813926,0.00609001,0.00586411,0.0074148,0.00583143,0.00557591,0.00584528,0.00571328,0.00667585,0.00572075,0.0071469,0.00689851,0.00884759,0.00847615,0.00611281,0.00788067,0.00896775,0.00644881,0.00684711,0.00923749,0.00796308,0.00673476,0.00653902,0.00577657,0.00690139,0.00637483,0.00594393,0.00580068,0.00709853,0.00568426,0.00574849,0.00859625,0.00571718,0.00573668,0.00578388,0.00570615,0.0058739,0.00663365,0.00569899,0.00656432,0.00591993,0.00580159,0.00568975,0.00655306,0.00586971,0.00576474,0.00570976,0.00589817,0.00633669,0.00599629,0.0057862,0.00590043,0.0070923,0.00652779,0.00577459,0.00647358,0.00695063,0.00585373,0.00664099,0.00718663,0.00651071,0.00618366,0.00600371,0.00631757,0.00583156,0.00586735,0.00664575,0.00619463,0.00573002,0.00677441,0.00668058,0.00591228,0.00594823,0.00592143,0.00590635,0.00653448,0.00668319,0.00672514,0.00773602,
0.00989562,0.0059171,0.00658055,0.00882229,0.00861818,0.00780877,0.00582909,0.00575827,0.00678159,0.00803805,0.00620259,0.00612432,0.00597025,0.00575817,0.00581698,0.00768056,0.00593565,0.00562626,0.00604034,0.00582059,0.00557565,0.00770124,0.00604739,0.00566147,0.00651877,0.00589172,0.00589069,0.00572411,0.00585823,0.0064838,0.00636606,0.00762273,0.0108515,0.00803631,0.00754007,0.00589298,0.00632339,0.00958878,0.00585825,0.00598087,0.00717956,0.00655985,0.00597826,0.00587041,0.00585565,0.00621273,0.00675648,0.00569449,0.00615115,0.00625658,0.00600576,0.00559401,0.0064146,0.00568859,0.00584565,0.00578136,0.00570574,0.00593766,0.00637906,0.00676996,0.00584977,0.00580734,0.00589084,0.00675233,0.00602272,0.00615183,0.00592107,0.0056877,0.00579957,0.00589835,0.00575822,0.00567565,0.00601745,0.00586055,0.00622524,0.00590615,0.00598801,0.00618422,0.00633459,0.00656373,0.00588535,0.00655147,0.00616027,0.00595702,0.00585505,0.00590185,0.00715438,0.00710172,0.00691468,0.00611354,0.00584051,0.00576369,0.00600633,0.00578147,0.00589767,0.00640887,0.0064071,0.00768629,0.00664582,0.00670696,
0.00966274,0.00603127,0.00634381,0.0119643,0.00746083,0.00672486,0.00590847,0.00581855,0.00651548,0.00633318,0.00675198,0.00722167,0.00591268,0.00578879,0.00563174,0.00614005,0.00616561,0.00570902,0.00580572,0.0057503,0.00564334,0.00685182,0.0065088,0.00582003,0.00653404,0.00611413,0.00581751,0.00586343,0.00572808,0.0063981,0.0058263,0.00909815,0.0072647,0.00626831,0.00967456,0.00732686,0.00580151,0.00734782,0.00621829,0.00604048,0.00770922,0.00594602,0.00637694,0.00653852,0.00589385,0.00589758,0.00593095,0.00580934,0.00593212,0.0057788,0.00621807,0.00564216,0.0060537,0.00561023,0.00570627,0.00602518,0.0057918,0.00584775,0.00574293,0.00616057,0.00592386,0.00594749,0.00704793,0.00567324,0.00584246,0.00716723,0.00701459,0.00565796,0.00721076,0.00692729,0.00661552,0.00620917,0.0059764,0.00592201,0.00848248,0.00578067,0.00689307,0.00578274,0.00658643,0.00639666,0.00584259,0.00592691,0.0058125,0.00611697,0.00584967,0.0066554,0.00598429,0.00628556,0.00621444,0.00587116,0.00587499,0.00650681,0.00583165,0.00582915,0.00609364,0.00620274,0.00640175,0.00646004,0.0064967,0.00669234,
0.0100062,0.00586995,0.00617433,0.0105583,0.00862898,0.00655816,0.0061024,0.00574424,0.00606814,0.00647618,0.00631793,0.00684854,0.0056966,0.00596716,0.00559053,0.00781787,0.005853,0.00559289,0.00568666,0.00579892,0.0060221,0.00771377,0.00605203,0.00560173,0.00740633,0.00569749,0.00567441,0.00575574,0.00567728,0.00620892,0.00597402,0.00905133,0.00649854,0.0060048,0.00771055,0.00642875,0.00656801,0.00696829,0.00637462,0.00563754,0.00860035,0.00641599,0.00677936,0.00635479,0.00582524,0.00567028,0.00625027,0.00586231,0.00574745,0.00589697,0.00646077,0.00583964,0.00576766,0.00566035,0.00573552,0.0057262,0.00575828,0.00598083,0.00573382,0.00584224,0.00594248,0.00591235,0.00643888,0.00569664,0.00576033,0.00628709,0.00579416,0.0060048,0.00650471,0.00599753,0.00584841,0.00577874,0.00598412,0.00576237,0.00765601,0.00587515,0.00657507,0.00667352,0.00627805,0.00634154,0.0060737,0.00573347,0.00659712,0.00716248,0.0059853,0.00674742,0.00741638,0.00584754,0.00646467,0.00591615,0.00593571,0.00583927,0.00588173,0.00597131,0.00622763,0.00647993,0.00775765,0.00742644,0.00657076,0.00669718,
0.0100815,0.00596729,0.00598884,0.00847184,0.00893905,0.00668809,0.00578049,0.00579352,0.00670102,0.00641036,0.00629321,0.00672213,0.00570823,0.00571187,0.00555795,0.00653916,0.00594516,0.0059247,0.00596792,0.00568205,0.00570666,0.0065998,0.00782806,0.00566709,0.00589586,0.00588921,0.00561719,0.00572919,0.00567368,0.00619632,0.00582265,0.00731823,0.00712512,0.0061347,0.00842675,0.00640758,0.00577836,0.00807729,0.00606115,0.00615731,0.0070179,0.00586444,0.00944677,0.00949084,0.00593878,0.00563069,0.00605474,0.00612103,0.00577182,0.00573176,0.00598559,0.00572392,0.00613558,0.00598545,0.0058223,0.00576119,0.00582676,0.00592592,0.00574654,0.00599818,0.00601011,0.00612966,0.00636931,0.00686485,0.0058539,0.00587054,0.0057807,0.00632174,0.00597729,0.00644191,0.00585328,0.00637787,0.00588324,0.0098914,0.00885034,0.00622982,0.00599664,0.0063382,0.00690845,0.00672096,0.00629733,0.00688602,0.00630556,0.0061317,0.00700986,0.00584609,0.0058501,0.00579312,0.00588233,0.00638697,0.0059043,0.00589985,0.00600037,0.00662849,0.00597171,0.00612877,0.00803819,0.00666529,0.00652938,0.0102738,
0.00992548,0.00583701,0.00582168,0.00796562,0.00711796,0.00618414,0.0058663,0.00615867,0.00662891,0.00624551,0.00646594,0.00647434,0.0059836,0.00578288,0.00756365,0.00642483,0.0058431,0.0056824,0.00579162,0.00568643,0.00567234,0.00736996,0.0069161,0.0056145,0.00600981,0.00571583,0.00557079,0.00581523,0.00579612,0.00609183,0.00575428,0.00691945,0.00683098,0.00589649,0.00991188,0.0062563,0.00582721,0.00921855,0.0059536,0.00587403,0.00713757,0.00757184,0.00881665,0.00666863,0.00598994,0.00576609,0.00623386,0.00594118,0.00753026,0.00585385,0.00612011,0.00569795,0.00571925,0.005688,0.00571855,0.00571107,0.00571125,0.00576947,0.0059565,0.00587838,0.0078837,0.00589516,0.00634479,0.00573171,0.00575274,0.00589929,0.00806661,0.00612545,0.00617712,0.00606085,0.00621067,0.00583924,0.00637685,0.012221,0.00754807,0.00630259,0.00617261,0.00769769,0.00664037,0.00649977,0.00640274,0.00581131,0.00593497,0.00601138,0.00578204,0.00582851,0.00615791,0.00613608,0.00590148,0.00577212,0.00610658,0.00702802,0.00597906,0.00594197,0.00584651,0.0059658,0.00714215,0.00659863,0.00705793,0.00674243,
0.00991791,0.00655272,0.0057375,0.00901098,0.00850882,0.0100082,0.00603391,0.00643599,0.00629044,0.00600239,0.00625995,0.00672421,0.00635171,0.0062994,0.00669983,0.00686298,0.00600923,0.00568109,0.00603082,0.00566024,0.00576962,0.00663996,0.00728773,0.00561776,0.00581273,0.00578428,0.00567835,0.00588115,0.00570336,0.00614556,0.00591638,0.00687607,0.008093,0.00618668,0.00917709,0.00683405,0.00598414,0.00868524,0.00668932,0.00574599,0.00882094,0.00706801,0.0068532,0.00684224,0.00589883,0.00573203,0.00797114,0.00572373,0.0064642,0.00608737,0.00591339,0.00569499,0.00577114,0.00576504,0.0058225,0.00581109,0.00602724,0.00584709,0.00582369,0.00575775,0.00591076,0.0062321,0.0057603,0.00567425,0.00583684,0.00582357,0.00623084,0.00607727,0.00588344,0.00585663,0.00619235,0.00614358,0.00579195,0.00749332,0.00811303,0.00607302,0.00584447,0.00889879,0.00591489,0.00633824,0.00596211,0.00582607,0.00588945,0.00611121,0.00582987,0.00615391,0.0063925,0.00578096,0.0058066,0.00585907,0.00582176,0.00590762,0.00662835,0.00662057,0.00601298,0.00715321,0.00667694,0.00675285,0.006953,0.00696819,
0.00999594,0.0059723,0.00638247,0.00775882,0.00764273,0.0063658,0.00574249,0.00794041,0.00615884,0.00566749,0.00727978,0.00646049,0.00593374,0.00612877,0.00595933,0.00664806,0.00601177,0.00609595,0.00585881,0.00573535,0.00560288,0.00639313,0.00656942,0.00559505,0.00611637,0.00573681,0.00563496,0.00618791,0.00575617,0.00646055,0.00585966,0.00709169,0.00960484,0.00597609,0.008647,0.00627039,0.00585191,0.00632146,0.00659434,0.00649346,0.00679202,0.0061405,0.0068966,0.0065311,0.00576888,0.00566857,0.00633081,0.00596991,0.00577792,0.00572817,0.00604838,0.00566496,0.00592291,0.00568155,0.00575624,0.00619464,0.0062237,0.00595605,0.00578591,0.00694939,0.00590387,0.00638916,0.0059184,0.00616043,0.00586996,0.00605968,0.00589068,0.00603714,0.00597275,0.00589876,0.00583369,0.005771,0.00628868,0.00797592,0.00739576,0.00591076,0.00627394,0.00750666,0.00577132,0.00638501,0.00587836,0.00596165,0.00641816,0.00599147,0.00605407,0.00591545,0.00643726,0.00675593,0.00582723,0.00585287,0.00586668,0.00621084,0.0057721,0.00586738,0.00603374,0.00604137,0.00681941,0.00688925,0.00753703,0.00659359,
0.0104673,0.00716184,0.00576647,0.00731053,0.00713607,0.00687001,0.00586048,0.00646274,0.00610507,0.00722786,0.00683446,0.0058289,0.00580998,0.00604787,0.00554052,0.00725914,0.00586766,0.00565856,0.00569331,0.00571874,0.00570864,0.0063835,0.00760431,0.00570572,0.00592272,0.00585046,0.00567331,0.005901,0.00578978,0.00629321,0.00651026,0.00749676,0.00813214,0.00575165,0.00700332,0.00601215,0.00605153,0.0072821,0.00598211,0.00888577,0.00911108,0.00675065,0.00693607,0.00601689,0.00584065,0.00607773,0.00600098,0.00605298,0.00586814,0.00585775,0.00585023,0.00573472,0.00572928,0.00562853,0.00579502,0.00631959,0.00637539,0.00583015,0.00630313,0.00624094,0.00591169,0.00643621,0.0063946,0.00572507,0.00589633,0.00611638,0.00579966,0.00594171,0.00687932,0.0061505,0.00588888,0.00570779,0.00588982,0.00625859,0.00620846,0.00623433,0.00640334,0.00614,0.00595567,0.00635193,0.00618042,0.00587576,0.00608076,0.00599275,0.00611823,0.00592205,0.00664108,0.00616077,0.00631655,0.00688238,0.00639293,0.00597895,0.00618582,0.00587854,0.00618382,0.00593527,0.00649956,0.00651159,0.00736829,0.0100395,
0.00984202,0.00668327,0.00603296,0.00724366,0.00643634,0.00629642,0.00617163,0.00620419,0.00600871,0.00634271,0.00688246,0.00599199,0.00564944,0.00606538,0.00555947,0.00628522,0.00591081,0.00570867,0.00573336,0.00602766,0.00568232,0.0063239,0.00658415,0.0056063,0.00619841,0.00581682,0.00570071,0.00582026,0.00572694,0.00616755,0.00632022,0.00696506,0.00676118,0.00672222,0.00640244,0.00616661,0.00595984,0.00631234,0.00688139,0.00651212,0.011456,0.00647669,0.00698409,0.00581333,0.00579166,0.00568527,0.00626548,0.00594909,0.0059273,0.00567377,0.00576494,0.00575898,0.0057342,0.00603518,0.00570933,0.00574395,0.00608951,0.00598129,0.00624299,0.00606516,0.00607051,0.0075644,0.00647196,0.00581468,0.00612753,0.00581587,0.005819,0.00728135,0.00587284,0.0057012,0.00581895,0.00585388,0.00599858,0.00582841,0.00594849,0.00584299,0.00575194,0.00669558,0.00583545,0.0073877,0.0059922,0.00577433,0.00648768,0.00600026,0.0069289,0.00593057,0.00603073,0.0058403,0.00600083,0.00625242,0.00601806,0.0057958,0.00607717,0.00617606,0.00592215,0.00597311,0.0068979,0.00930268,0.00657175,0.00957346,
0.00955809,0.00666959,0.00583032,0.00792498,0.00594831,0.00858572,0.00589896,0.00599481,0.00606102,0.0059171,0.00612507,0.00605645,0.00595724,0.00591299,0.00573566,0.00616416,0.00601975,0.00557952,0.00569912,0.00576213,0.00559129,0.00616196,0.00793447,0.00582567,0.00632991,0.00576489,0.00561437,0.00587225,0.00661151,0.00562248,0.00633322,0.00686456,0.00897401,0.00599029,0.00617468,0.00578817,0.00797367,0.00589964,0.00754791,0.00620081,0.00850205,0.0085973,0.00639103,0.00573619,0.00589614,0.005795,0.0063799,0.00579886,0.00583525,0.00637584,0.00591188,0.00567647,0.00581456,0.00566336,0.0056975,0.00570168,0.00614488,0.00590243,0.00579125,0.0060902,0.00607159,0.00589957,0.00604626,0.00617347,0.00593127,0.00571038,0.00667016,0.00600598,0.00576812,0.00625484,0.00655043,0.0056588,0.00579466,0.00579971,0.00590704,0.00636417,0.00613053,0.00633895,0.00593794,0.00644346,0.00590312,0.00607273,0.00578752,0.0064544,0.00603714,0.00583899,0.00581617,0.00709819,0.00584714,0.00593502,0.0063758,0.00614585,0.00587093,0.00620036,0.00581681,0.00735281,0.00667561,0.00730498,0.0067638,0.00762906,
0.00971804,0.00642568,0.00576233,0.00748214,0.00592609,0.00614343,0.00770952,0.00617926,0.00639287,0.00597472,0.00673744,0.00596408,0.00580477,0.0057636,0.00557866,0.00624433,0.00635347,0.00564207,0.00650818,0.0056523,0.00562318,0.00588271,0.00713922,0.00638073,0.00632801,0.00577,0.00574087,0.00572545,0.00580483,0.00565124,0.00575785,0.00580628,0.00945994,0.00599882,0.0065432,0.00587402,0.00649348,0.00572648,0.00665166,0.00668049,0.0131162,0.0109612,0.00619388,0.00598455,0.0060928,0.00566083,0.00586391,0.00571843,0.00579928,0.00598553,0.00586325,0.00576089,0.0057164,0.00560976,0.00571048,0.00584718,0.00595408,0.00578963,0.00575255,0.00629246,0.00607666,0.00624024,0.00595478,0.00590028,0.00573546,0.00567689,0.00592052,0.00581906,0.0063919,0.00575239,0.00629002,0.00570821,0.00578225,0.005847,0.00606334,0.00665759,0.00643787,0.00619265,0.00618948,0.00634766,0.0062195,0.00574843,0.00697927,0.00597084,0.00670193,0.00698039,0.00601106,0.00595709,0.00588763,0.00574421,0.0059098,0.00586778,0.00693455,0.00593778,0.00616286,0.00699082,0.0068492,0.0067814,0.00658065,0.00934045,
0.0100279,0.00632483,0.00561272,0.00745571,0.00651743,0.00601316,0.00622404,0.00584544,0.00640156,0.00585831,0.00613335,0.00576399,0.00600173,0.00590411,0.00574935,0.00683056,0.00591238,0.00566197,0.00566437,0.00576487,0.00595245,0.005813,0.00663631,0.00620101,0.00628575,0.00603279,0.00565774,0.00577458,0.00567352,0.00585612,0.0057123,0.00569449,0.00902082,0.00616287,0.00940873,0.00586429,0.00615951,0.00570813,0.00618595,0.00611391,0.00849498,0.00886503,0.00684152,0.005704,0.00585529,0.00618667,0.00626393,0.00594263,0.00580821,0.00630651,0.00600276,0.00575477,0.00594256,0.00570403,0.00575537,0.00564947,0.00586561,0.0057789,0.00571788,0.00595755,0.0062942,0.00577115,0.00725781,0.00607548,0.00574677,0.00596432,0.00576457,0.00592905,0.00590906,0.00619202,0.00636087,0.00580193,0.00576535,0.00606963,0.00586786,0.00580016,0.00692582,0.00678099,0.00762062,0.00730215,0.00585105,0.00607692,0.00629027,0.00592016,0.006116,0.00614635,0.00594906,0.0065809,0.00589819,0.00597339,0.00581168,0.00578918,0.00580507,0.00578834,0.00659864,0.00702198,0.00755152,0.00659292,0.00830469,0.0084605,
0.0101926,0.00634746,0.00558125,0.00726607,0.0059732,0.00692681,0.0059855,0.00636298,0.00592841,0.00578177,0.00673369,0.00571019,0.00577846,0.00577118,0.0055476,0.00589592,0.00623367,0.00570839,0.00572669,0.00564394,0.00563765,0.00595984,0.00682026,0.00578181,0.00622467,0.00576005,0.00567267,0.00571854,0.00593081,0.00569502,0.00572493,0.00586277,0.00708511,0.0060682,0.00601966,0.0059593,0.00699834,0.00569293,0.00611171,0.00644442,0.0108999,0.00707153,0.00735053,0.00594894,0.00582797,0.00571353,0.00612001,0.00574939,0.00582991,0.00599554,0.00584924,0.00563265,0.00575278,0.00568221,0.00575702,0.0056633,0.00593596,0.00590226,0.00582415,0.007989,0.00572345,0.00579416,0.00589597,0.00572603,0.00573929,0.00660632,0.00591443,0.00582044,0.00695473,0.00586903,0.00608849,0.00572937,0.0063582,0.00583429,0.00579369,0.00577478,0.00607941,0.00574854,0.00602552,0.00641157,0.00587785,0.00587349,0.00637267,0.00611904,0.00616746,0.00582351,0.00663734,0.00638456,0.00633035,0.00590658,0.00655923,0.00608606,0.00632964,0.00605452,0.00624421,0.00666192,0.00707301,0.0070568,0.00882193,0.00729261,
0.00962924,0.00608551,0.00573049,0.00716839,0.00562101,0.00748825,0.00621055,0.00595081,0.00612905,0.00583378,0.00639394,0.00585871,0.0057609,0.00584634,0.00626659,0.00588086,0.00584716,0.00566908,0.00570046,0.00566567,0.00570661,0.00606253,0.00592899,0.00573849,0.00580266,0.00568705,0.00572723,0.0058288,0.00573646,0.00572156,0.0058146,0.0100982,0.00770466,0.00589842,0.00992806,0.00621556,0.00724082,0.00565292,0.00591421,0.00634613,0.00841743,0.00614165,0.00651326,0.0081114,0.00577517,0.00563261,0.00600594,0.00613301,0.00595458,0.00612199,0.00582121,0.00558973,0.00570954,0.00574743,0.00576727,0.00565529,0.00732937,0.00587999,0.00600267,0.00904683,0.00600598,0.00604302,0.00579182,0.00580503,0.00579773,0.00590445,0.00589196,0.00571536,0.00638998,0.00860881,0.00579353,0.00584319,0.00576542,0.00610003,0.00619914,0.00580328,0.00587106,0.00582039,0.00599515,0.00639764,0.00617136,0.00573273,0.00636977,0.00634714,0.00580519,0.00589679,0.00608686,0.00664786,0.0079447,0.00622817,0.00591593,0.00634456,0.00632508,0.00586307,0.00656683,0.00624099,0.00656661,0.00670978,0.0101812,0.00681661,
0.00979546,0.00683576,0.00669599,0.0072568,0.00565855,0.00650741,0.00650976,0.0063599,0.00610144,0.00619656,0.00728309,0.00570976,0.00578428,0.00596193,0.00613469,0.005739,0.0059242,0.00564256,0.00580456,0.0057732,0.00569289,0.00603525,0.00643499,0.00657901,0.00622684,0.00568276,0.00559857,0.00605634,0.00566485,0.00572971,0.00584812,0.00695954,0.00854884,0.00839944,0.00667684,0.00631146,0.00671713,0.00603921,0.00606074,0.00794336,0.00908464,0.00603319,0.00819179,0.0063237,0.00587726,0.00561106,0.005912,0.00581415,0.00605135,0.00588815,0.00582703,0.00619994,0.00582699,0.00638016,0.00601916,0.00570033,0.00651026,0.00617883,0.00580946,0.0089972,0.00612432,0.00562339,0.00582899,0.00597458,0.00638646,0.005831,0.00574233,0.00627479,0.00598845,0.00691218,0.00597413,0.00577298,0.00589602,0.00587404,0.00601658,0.00694275,0.00601483,0.00586778,0.0060888,0.00783508,0.00607858,0.00676777,0.00711424,0.00584508,0.00594322,0.00584249,0.00582095,0.00609021,0.00642061,0.00875254,0.00591317,0.00632755,0.00631685,0.00598781,0.00637543,0.00608749,0.00662552,0.00671697,0.00834498,0.00749779,
0.00990088,0.0072722,0.0068109,0.00730691,0.00577028,0.00672466,0.00609786,0.00595346,0.00600819,0.00593528,0.00617826,0.00590938,0.00695443,0.00564585,0.00563551,0.00612791,0.00585499,0.00588904,0.00578136,0.00564834,0.00567594,0.00610229,0.0060767,0.00627096,0.00600664,0.00581989,0.00610968,0.00579874,0.00576065,0.00567081,0.00575382,0.00631322,0.0094897,0.00863769,0.0076262,0.00617519,0.00628176,0.00761348,0.00594269,0.00911843,0.00669998,0.0059723,0.00849602,0.00617531,0.0058182,0.00583137,0.00611241,0.00578214,0.00583784,0.00597023,0.0058436,0.00604476,0.00590743,0.00576751,0.0057556,0.00565862,0.00582987,0.00580229,0.00577088,0.00637998,0.00594199,0.00574705,0.0060634,0.00638561,0.00575008,0.00686681,0.00585446,0.00629702,0.00635853,0.00608459,0.00579798,0.00571326,0.00632984,0.00602133,0.00641902,0.00636815,0.00585877,0.00580636,0.00732403,0.00655197,0.0059499,0.00581844,0.00604367,0.00591281,0.00596164,0.00572516,0.00608709,0.00686755,0.00585436,0.00615082,0.00661633,0.00594407,0.00654843,0.00598221,0.00630557,0.00603381,0.00647626,0.00658231,0.00998836,0.00673174,
0.00951857,0.00654352,0.00679361,0.00730857,0.00567319,0.00626909,0.00596715,0.00581022,0.00587995,0.00593994,0.00574221,0.00564183,0.00619623,0.00592588,0.00552158,0.00628148,0.00615688,0.0056541,0.00572056,0.0057632,0.00582282,0.00609566,0.00591464,0.00636052,0.00607754,0.00572099,0.00632809,0.00576343,0.00576062,0.00566254,0.005804,0.00792024,0.00772387,0.0103852,0.00675263,0.00579533,0.00590858,0.00665586,0.00602527,0.00783658,0.00641013,0.00582266,0.00672181,0.00573813,0.0058707,0.00564678,0.00607151,0.00585393,0.00593334,0.00605195,0.00579034,0.00832766,0.00604668,0.00570943,0.00586257,0.00560489,0.00650987,0.0058783,0.00599997,0.00581438,0.00627512,0.00946676,0.0057972,0.00586029,0.00622088,0.00583431,0.00578751,0.00620964,0.00733397,0.00638808,0.00676432,0.00669602,0.00580948,0.00575233,0.00619219,0.00596863,0.00593145,0.00613002,0.00665607,0.00637987,0.00592204,0.00575748,0.00621111,0.00594682,0.0065836,0.0057615,0.006031,0.00704241,0.00609569,0.00604715,0.0060594,0.00595121,0.00622587,0.00695749,0.00591075,0.00591231,0.00674762,0.00678621,0.00942242,0.00663236,
0.00939903,0.00626489,0.00611095,0.0074067,0.00596098,0.00732879,0.00572701,0.00599451,0.00620506,0.00580124,0.00575984,0.00569186,0.00593485,0.00605475,0.00563307,0.00641715,0.00613481,0.00566329,0.00591208,0.00629349,0.0055892,0.00599406,0.00642614,0.0068627,0.00604238,0.0057704,0.00575334,0.00606547,0.00573691,0.00567688,0.00575772,0.00627089,0.0071792,0.00797357,0.00864706,0.0060345,0.00620606,0.00978362,0.00593503,0.00640596,0.00694861,0.00640415,0.00638462,0.00586345,0.00599647,0.00566675,0.00602548,0.00589309,0.00588898,0.00570897,0.00590265,0.00648162,0.00569041,0.00569741,0.00581174,0.0057499,0.0060459,0.00569582,0.00570119,0.00608875,0.00580581,0.00738997,0.00584282,0.00608079,0.00640053,0.00661882,0.00614151,0.00580946,0.00622576,0.00654347,0.00696803,0.00573128,0.00630068,0.0057768,0.00640051,0.00584325,0.00620992,0.00624391,0.0060591,0.00859724,0.00580614,0.00581315,0.00615848,0.00599674,0.00664946,0.00592783,0.00586615,0.00645494,0.00701202,0.00582959,0.00605356,0.00622715,0.00646013,0.00590525,0.00588633,0.00610095,0.00685105,0.00706493,0.00745261,0.00689349,
0.00988996,0.00604983,0.00665291,0.0106961,0.00576676,0.00627233,0.00672455,0.00564765,0.00574601,0.00587923,0.00590979,0.00578457,0.00605596,0.00621304,0.00566923,0.00625894,0.00575436,0.00556484,0.0056896,0.00619958,0.00626945,0.00578695,0.00634025,0.0059175,0.00617325,0.00574841,0.00567922,0.00607661,0.00566868,0.00562488,0.00573124,0.00612549,0.00673602,0.00845863,0.00627337,0.00963587,0.00610287,0.00789729,0.00611276,0.00788674,0.00844207,0.00730309,0.00664337,0.00611994,0.00633752,0.00565159,0.00615381,0.00595253,0.00582098,0.0062635,0.00595389,0.0058972,0.00597731,0.00563505,0.00571026,0.00570025,0.00612435,0.00695093,0.00586325,0.00634486,0.00600624,0.0104471,0.00629696,0.00576983,0.00637283,0.00594102,0.00573492,0.00574122,0.00593435,0.00601168,0.00576854,0.00585707,0.00621586,0.00580166,0.00595505,0.00602495,0.0064694,0.00614402,0.00577068,0.00703509,0.00677305,0.00580907,0.00621542,0.00699901,0.00589695,0.00682155,0.00594771,0.00580234,0.00611764,0.0062142,0.00606722,0.00580941,0.00634802,0.00620939,0.00589053,0.00631048,0.00703246,0.00688469,0.00674058,0.00667204,
0.00966738,0.00584085,0.00632258,0.00917984,0.00561675,0.00702063,0.00674885,0.00621474,0.00575809,0.00605363,0.00585811,0.0058096,0.00576098,0.00638332,0.00556156,0.00591669,0.00571293,0.00568568,0.00570337,0.00593872,0.0058837,0.00579481,0.00574687,0.00573887,0.00585806,0.00580477,0.00567869,0.0065333,0.00568625,0.00560259,0.00574284,0.00569866,0.00629292,0.0104675,0.00687146,0.00611168,0.00581951,0.00794545,0.0061933,0.00699456,0.00966334,0.0070985,0.00600466,0.00594991,0.00638988,0.00565046,0.00582974,0.00566203,0.00586029,0.00705406,0.0060016,0.00585416,0.00589911,0.00580384,0.0058911,0.00577271,0.00601171,0.00612857,0.0058771,0.00629021,0.00609209,0.00973323,0.00573248,0.00578052,0.00592726,0.00585134,0.00581144,0.00566335,0.00578323,0.00597801,0.00579491,0.00585777,0.00583408,0.0063171,0.00611079,0.00633006,0.00591981,0.006367,0.00599491,0.00682398,0.00581884,0.00574007,0.0061097,0.0058631,0.00597587,0.00598125,0.00627286,0.00609622,0.00579611,0.00586281,0.00603682,0.00582988,0.00611437,0.00710106,0.00601089,0.00609678,0.00675615,0.00655945,0.00930801,0.00650137,
0.00936265,0.00586495,0.00721101,0.00857666,0.00595634,0.00631634,0.00674981,0.00642039,0.00599875,0.00607766,0.00605566,0.00561825,0.00607152,0.00636997,0.00572014,0.00598787,0.00619595,0.00559049,0.00578433,0.00565257,0.00582964,0.00622148,0.00580456,0.00611319,0.00583762,0.00583387,0.00563777,0.00585883,0.00567188,0.00567129,0.00572479,0.00600338,0.00748823,0.0107378,0.00607092,0.00589588,0.00815316,0.00701849,0.00588491,0.0088386,0.0100016,0.00743603,0.00634851,0.00575138,0.00645664,0.00558473,0.00630424,0.00580112,0.00581943,0.00588152,0.00587824,0.00595444,0.00576958,0.00566348,0.00583031,0.00562297,0.00594572,0.00588969,0.00572325,0.00639522,0.00798913,0.0099102,0.00582978,0.00600886,0.00651328,0.00640526,0.00584148,0.00584308,0.00682093,0.00620008,0.00611981,0.00613797,0.00606153,0.00578482,0.00610928,0.00602209,0.00599835,0.00594964,0.00577971,0.00642522,0.00580846,0.00630107,0.00601807,0.00595143,0.00584422,0.00575849,0.00663808,0.00576996,0.00602697,0.00579507,0.00604686,0.005934,0.00625324,0.00642,0.0061407,0.00611851,0.00664582,0.00677255,0.0080365,0.00681346,
0.00934544,0.00572305,0.00627337,0.00778673,0.00658164,0.00737327,0.0081181,0.0060456,0.00596813,0.00573229,0.00571981,0.00577993,0.00596559,0.00674332,0.00562279,0.00596383,0.00628006,0.00565354,0.00568703,0.00604969,0.00587208,0.00575147,0.00579689,0.0087596,0.00579738,0.00566183,0.00574444,0.00581201,0.00566408,0.00571252,0.00573077,0.0063683,0.00775064,0.00833355,0.00583915,0.00597641,0.00650315,0.00686394,0.00590336,0.00717537,0.00957101,0.00693642,0.00717003,0.00591866,0.00589189,0.00561672,0.00599282,0.00606799,0.00579314,0.00679855,0.00583108,0.00571997,0.00581254,0.0062851,0.00603921,0.00582863,0.00599797,0.00571972,0.00581195,0.00758534,0.0060419,0.00960694,0.00632241,0.0056601,0.00623763,0.00595869,0.00593815,0.0058276,0.00587302,0.00581022,0.0061229,0.00582425,0.00592175,0.00571868,0.00778921,0.00728517,0.00682494,0.00889144,0.00590049,0.00632512,0.00602645,0.0057657,0.00606006,0.00581045,0.00669433,0.00607502,0.00583461,0.00602184,0.00602848,0.00642357,0.00590953,0.0057796,0.00618814,0.00600908,0.00600521,0.0062932,0.00675795,0.00687961,0.00825455,0.00971592,
0.0101299,0.00617071,0.00591802,0.00791633,0.0069842,0.0062375,0.00799521,0.00627089,0.00600519,0.00600339,0.00611847,0.00606041,0.00597574,0.00641498,0.00565864,0.00589535,0.00641963,0.00564012,0.00578491,0.00587094,0.00562029,0.00574974,0.0056945,0.00635899,0.00626044,0.00572623,0.00573932,0.00580118,0.00607731,0.00563043,0.00576856,0.00608821,0.00719274,0.00901467,0.00629022,0.00563149,0.00602943,0.00738578,0.00594517,0.00670593,0.0115748,0.0127823,0.00661651,0.00565498,0.00601246,0.00565839,0.00584357,0.00632988,0.00582736,0.00673749,0.0058622,0.00573326,0.00570247,0.00563225,0.00578482,0.00577862,0.00724731,0.00586145,0.00622213,0.00973243,0.00572973,0.00970943,0.00581698,0.0058399,0.00623345,0.00581281,0.00582665,0.00702439,0.00700468,0.00669323,0.00605311,0.00578895,0.00588194,0.0078879,0.00630443,0.00646125,0.00595701,0.00783619,0.00595419,0.00653998,0.00644801,0.00607735,0.00601728,0.00577784,0.00601355,0.00589394,0.00594813,0.00598998,0.00711489,0.00583793,0.00754376,0.00603431,0.00682695,0.00650432,0.00589376,0.00645374,0.00655674,0.00673196,0.00909869,0.0102438,
0.00944062,0.00587549,0.00648358,0.00995241,0.0067278,0.0061142,0.00661029,0.0061291,0.00615332,0.0065973,0.00579792,0.00568678,0.0060132,0.00579599,0.00592686,0.00586662,0.00582031,0.00564816,0.00568134,0.00584122,0.00560189,0.00703168,0.00574749,0.0059474,0.00574395,0.00574529,0.00561525,0.00578719,0.00568482,0.00559509,0.00585544,0.00753399,0.00719204,0.00924998,0.00656865,0.00562184,0.00739325,0.00867936,0.00628614,0.00712839,0.00731651,0.00965149,0.006768,0.00579895,0.00583819,0.00560411,0.00626223,0.00605532,0.00598295,0.00600728,0.00579437,0.00588978,0.00579668,0.00580388,0.00585969,0.00568948,0.00801411,0.00584699,0.00570875,0.00672512,0.00598313,0.00829472,0.00578693,0.00733984,0.00583242,0.0060507,0.00714877,0.00585386,0.0071954,0.00575608,0.00626313,0.00599328,0.00764993,0.00630306,0.00594568,0.00668488,0.00586492,0.00681139,0.005829,0.00631319,0.00641148,0.00598404,0.00704709,0.00583972,0.00603211,0.00575332,0.00592095,0.00574677,0.00610579,0.00582161,0.0060929,0.00601709,0.0061413,0.0058597,0.00605131,0.00614152,0.00720772,0.0066705,0.00862808,0.00826456,
0.00946612,0.00607605,0.00606905,0.00796848,0.00671405,0.00614072,0.00755229,0.00596381,0.00589913,0.00616697,0.00561419,0.00739419,0.00783253,0.00575289,0.00598634,0.00613108,0.00592761,0.00577407,0.00570476,0.00662666,0.00609088,0.00739848,0.00577971,0.00593025,0.00582472,0.006098,0.00561839,0.00573496,0.00580527,0.00560446,0.00586293,0.00577301,0.00923668,0.00877323,0.00579998,0.00568137,0.00685479,0.00654235,0.00619492,0.00654606,0.00638682,0.00819315,0.00667855,0.00575606,0.00583099,0.00591926,0.00617096,0.00619821,0.00619847,0.00675467,0.00590897,0.00589639,0.00600985,0.00567075,0.00574048,0.00563997,0.0061351,0.0057294,0.0058297,0.00607355,0.005783,0.0060877,0.00589936,0.0088003,0.00743341,0.006785,0.00616128,0.00575334,0.00618625,0.00606955,0.00594916,0.0058421,0.00644756,0.00623181,0.00612493,0.00750491,0.00592536,0.00632456,0.00600336,0.00633031,0.0060146,0.00575617,0.0059636,0.00591815,0.00615404,0.00581726,0.0059221,0.00584886,0.00673941,0.00593852,0.00625261,0.00592998,0.00635414,0.00589877,0.00584047,0.00650313,0.00660764,0.00696754,0.00791662,0.00844928,
0.0094448,0.00571478,0.00578589,0.00755056,0.00637312,0.00596528,0.0073452,0.00595134,0.00568409,0.00673118,0.0058082,0.00631247,0.00665617,0.00581284,0.00576905,0.00584685,0.00603216,0.00570827,0.00573739,0.00600139,0.00562427,0.0061959,0.00571576,0.00573632,0.00598676,0.00596293,0.00570023,0.00590307,0.00653814,0.00560661,0.00619682,0.00568145,0.00889832,0.00848811,0.00595404,0.00560951,0.00700124,0.0103823,0.0068623,0.0121055,0.00687628,0.0108618,0.00623675,0.00582594,0.00581654,0.00591345,0.00596515,0.00567686,0.00589479,0.00623973,0.00598267,0.00563692,0.00579778,0.00568804,0.00581046,0.00573317,0.00664205,0.00576984,0.00579792,0.00624572,0.00575458,0.00573279,0.00576185,0.0099271,0.00608122,0.00641076,0.00591375,0.0060426,0.0065555,0.00590821,0.00644591,0.0056915,0.00670706,0.0058812,0.00741745,0.00606296,0.00597094,0.00584732,0.00594519,0.00683133,0.00580447,0.00631868,0.00624236,0.00583484,0.00630683,0.00637249,0.00597747,0.00594815,0.00594354,0.00583001,0.00604604,0.00583638,0.00604683,0.00615584,0.00594041,0.0061164,0.00676018,0.00650751,0.00728682,0.00705881,
0.0099157,0.00572576,0.00570495,0.00781962,0.00640845,0.00599865,0.00792079,0.0064821,0.00578113,0.00790347,0.00593216,0.00700546,0.00605213,0.00593084,0.00572819,0.00599727,0.00564988,0.00563945,0.00571826,0.00589984,0.00570448,0.00659801,0.00572505,0.00580005,0.00631336,0.00572356,0.0056095,0.00572715,0.00617879,0.00560608,0.00625303,0.00584779,0.00769636,0.00828434,0.00609816,0.00561361,0.00603238,0.00704796,0.00633207,0.00742532,0.00617313,0.00852036,0.00593486,0.0059616,0.00617908,0.00828874,0.00633824,0.00588751,0.00579582,0.0060085,0.00569425,0.00576383,0.00622233,0.00575759,0.00572533,0.00570795,0.00686659,0.00576714,0.00571862,0.0095805,0.00586133,0.0057224,0.00594919,0.0074557,0.00591543,0.00727252,0.00599595,0.00601802,0.00666793,0.00578633,0.0057498,0.0058724,0.00584827,0.00572723,0.00725342,0.00630075,0.00636648,0.00589169,0.00609489,0.00648563,0.00670496,0.00679479,0.0064105,0.00598734,0.00693994,0.00666014,0.00602962,0.00589899,0.00704547,0.00585569,0.00583481,0.005906,0.00629912,0.00749316,0.00603207,0.0062007,0.00698382,0.00643343,0.00698751,0.00757449,
0.00977659,0.00568189,0.00564031,0.00772534,0.00617721,0.00572941,0.00648455,0.00613749,0.00605386,0.00603067,0.00576975,0.0061588,0.00606681,0.0056757,0.00619014,0.00580193,0.00609885,0.00558477,0.00573577,0.00571721,0.00570708,0.00705875,0.00589386,0.00560461,0.00584915,0.00569361,0.00570284,0.00584,0.00612599,0.00570166,0.00635064,0.00640535,0.00637117,0.00895412,0.00786589,0.00569137,0.00669981,0.00710525,0.00598629,0.00626043,0.00617828,0.00720134,0.00611788,0.00572207,0.00603622,0.00679231,0.00591051,0.00595848,0.00589063,0.0068283,0.00593879,0.00575781,0.00575498,0.005647,0.0057664,0.00565054,0.00884255,0.00571565,0.00573665,0.00664421,0.0057858,0.00623407,0.00648608,0.00729818,0.0062581,0.00643217,0.00606856,0.0056774,0.00668634,0.00568567,0.00588585,0.00670133,0.00655887,0.00599672,0.00971781,0.00626003,0.00642198,0.00609241,0.0058588,0.00635401,0.0058217,0.0058761,0.00668194,0.00584329,0.00609769,0.00605776,0.00585497,0.00611059,0.00717789,0.00588762,0.00653828,0.00652808,0.00602055,0.00603505,0.00588516,0.00655803,0.00668521,0.00677844,0.00712466,0.00722682,
0.00952258,0.00602424,0.00555256,0.0075192,0.00627969,0.00575228,0.00678516,0.00609014,0.00557999,0.00585396,0.00564287,0.00685227,0.00678237,0.00564182,0.00615372,0.00619977,0.00581617,0.00577375,0.00582356,0.00567466,0.00585537,0.00669466,0.00629745,0.00564061,0.00592959,0.00612824,0.00857014,0.00588798,0.00572649,0.00568008,0.00602465,0.0057543,0.0062231,0.00712036,0.00616129,0.00575966,0.00846907,0.00778958,0.0062068,0.00925703,0.00921715,0.0066697,0.00602444,0.00629405,0.00589958,0.00588719,0.00584843,0.005955,0.00592536,0.00601943,0.00573175,0.00573223,0.00577107,0.00574056,0.00637892,0.00617079,0.00681689,0.00561118,0.00580349,0.00659025,0.00591974,0.00945355,0.00578089,0.00662261,0.00676012,0.00621587,0.00575772,0.00586924,0.006239,0.00600889,0.00596465,0.005659,0.00620642,0.00687448,0.0108511,0.00610147,0.00584908,0.00583009,0.00584427,0.00639054,0.00595599,0.00598656,0.00661064,0.00611403,0.00603472,0.00575647,0.00594563,0.00593617,0.00607673,0.00599796,0.00602161,0.00589855,0.00612949,0.00589764,0.00594306,0.00594201,0.00761286,0.00653936,0.0068031,0.0067697,
0.0093818,0.00570799,0.0056795,0.00753055,0.00584412,0.00579927,0.00633659,0.00650354,0.00581342,0.00579114,0.0059186,0.00606226,0.00610251,0.00568644,0.00619987,0.00681134,0.00586096,0.0055756,0.00573908,0.00574047,0.00567966,0.00626772,0.00588278,0.00570191,0.00588092,0.00563713,0.00699488,0.00593089,0.0059759,0.00563822,0.00577366,0.00568456,0.0084113,0.00723639,0.00614153,0.00559805,0.00786931,0.00655455,0.0059673,0.00974696,0.00791875,0.00620466,0.00601334,0.00562171,0.00586808,0.00602111,0.00618322,0.00570596,0.00587472,0.00715958,0.00653415,0.00570238,0.00594127,0.00598348,0.00652953,0.00591996,0.00634988,0.0065142,0.00889397,0.00770342,0.00611404,0.00636907,0.00606527,0.00638964,0.00576682,0.00602903,0.00589526,0.00569393,0.00582757,0.00565763,0.00595758,0.00575773,0.00695697,0.00587979,0.00899992,0.00692592,0.00588952,0.00577941,0.00614877,0.00634785,0.0074288,0.00584873,0.00643628,0.00670135,0.00740843,0.00691872,0.00588099,0.00616959,0.00633835,0.00592327,0.00584232,0.00596063,0.00605868,0.00586976,0.00585757,0.00595207,0.00660302,0.00821086,0.00700145,0.0072999,
0.00946776,0.00615834,0.00563371,0.00965684,0.00649277,0.00588479,0.006077,0.00603073,0.00576721,0.00593773,0.00691489,0.00770008,0.00655999,0.00564145,0.00629566,0.00664678,0.00567565,0.00565192,0.00623442,0.0056753,0.00566069,0.00652897,0.00586265,0.0057668,0.00640078,0.00583207,0.00602012,0.00573068,0.0056401,0.00560997,0.00576538,0.00571611,0.00899945,0.00867951,0.0064245,0.00579757,0.0065287,0.00613196,0.00589509,0.0082124,0.0119752,0.00582661,0.00660744,0.00586399,0.00577644,0.0080394,0.00583406,0.00607143,0.00589971,0.006814,0.00684949,0.00585,0.00565223,0.00573669,0.00586489,0.00566354,0.0062884,0.00576614,0.00629483,0.00706849,0.00686981,0.00866065,0.00641722,0.00669651,0.00605203,0.00593358,0.00625962,0.00568637,0.00628273,0.00577734,0.005834,0.0057543,0.00586542,0.00587067,0.00727902,0.00602032,0.00593229,0.00584313,0.00581324,0.00765666,0.00594881,0.00596205,0.00611631,0.0057451,0.0060617,0.0062771,0.0058032,0.00579642,0.00595262,0.00584764,0.00623595,0.00584407,0.00585872,0.00585442,0.00585078,0.00600465,0.00643459,0.00663975,0.00696774,0.00689712,
0.0096172,0.00574833,0.00569407,0.00792337,0.00695848,0.00585784,0.00667122,0.00648916,0.0057944,0.00591989,0.0065008,0.00716713,0.00652722,0.00575925,0.00621922,0.00671253,0.00587101,0.00563265,0.00622056,0.00575082,0.00562922,0.00647387,0.00592231,0.00577786,0.00604335,0.00569556,0.00587113,0.00577646,0.00565809,0.00592764,0.00584909,0.00933352,0.00626371,0.00822484,0.00662265,0.00575332,0.00597845,0.00644961,0.00615459,0.00850839,0.00745605,0.0072547,0.00608289,0.00570802,0.00586849,0.00607041,0.00595871,0.00573726,0.00597786,0.00600828,0.00599634,0.00565756,0.00579219,0.00575271,0.00569292,0.00602122,0.00623008,0.00566318,0.00604501,0.00591525,0.00639334,0.00862792,0.00583707,0.00579219,0.00602921,0.00583597,0.00650439,0.00580408,0.00617473,0.00570828,0.00588092,0.00574723,0.00575702,0.00584647,0.00781927,0.0071609,0.00585187,0.0057807,0.00580917,0.00673436,0.00585458,0.00575817,0.00615397,0.00577765,0.00601801,0.00585336,0.00602142,0.00608815,0.00586383,0.00589665,0.00589104,0.00583743,0.0068118,0.00692179,0.00593889,0.00628231,0.00694893,0.0065986,0.00682582,0.0070198,
0.0109079,0.00572689,0.00565208,0.00776733,0.00617554,0.00583634,0.00625924,0.00633259,0.00594248,0.00589078,0.00642563,0.00684562,0.00807833,0.00605981,0.00621579,0.00672865,0.00567523,0.00572142,0.00625225,0.00577171,0.00593219,0.00627181,0.00633729,0.00560266,0.00611668,0.00608355,0.00562108,0.00575118,0.00581143,0.00566545,0.00619397,0.00704919,0.00615642,0.00781351,0.00843236,0.00590747,0.00640627,0.00610489,0.00603318,0.00662291,0.00997751,0.00734342,0.00629917,0.00599584,0.00608219,0.00596207,0.00595361,0.00574707,0.00586904,0.00584013,0.00597604,0.00571761,0.00730345,0.0057806,0.00571251,0.00571381,0.00638875,0.00572504,0.00572248,0.006318,0.00587528,0.00985067,0.00575972,0.00572357,0.00583796,0.00631582,0.00596561,0.00674493,0.00592912,0.00569924,0.00623009,0.00569726,0.00696639,0.00574537,0.00666621,0.00633234,0.00583972,0.00584466,0.00584316,0.00636451,0.00625011,0.0059519,0.00587449,0.00656263,0.00597241,0.00587769,0.00594743,0.00602372,0.00603374,0.00597908,0.00602499,0.00627951,0.00602716,0.00588131,0.00587813,0.00662894,0.00662103,0.00690523,0.00648836,0.00661222,
0.0131143,0.00654145,0.0055849,0.00763312,0.00618947,0.00580816,0.00646151,0.00592855,0.00576944,0.00575166,0.00635092,0.00622603,0.00605554,0.0056791,0.00582257,0.00741715,0.00571588,0.00567299,0.00578369,0.00575817,0.00571519,0.00594652,0.00665596,0.00589031,0.00592076,0.00567031,0.00559555,0.0063681,0.00578952,0.00561023,0.00575427,0.00597466,0.00574974,0.00912735,0.00692965,0.00603852,0.00642055,0.00589642,0.00664704,0.00724413,0.00945781,0.00616922,0.00628717,0.00577057,0.00580563,0.00626838,0.00582576,0.00599741,0.00673744,0.00582639,0.00661239,0.00589208,0.00635729,0.0056765,0.00595707,0.00561668,0.00651112,0.00572083,0.00592057,0.00594957,0.00599111,0.0108742,0.00608118,0.006142,0.00617222,0.00612373,0.00585277,0.0069965,0.0060397,0.00639503,0.00592195,0.00574105,0.00631115,0.00574993,0.00604164,0.00573297,0.00584848,0.00571727,0.0057661,0.00654466,0.00581779,0.00629911,0.00602948,0.00589274,0.00593618,0.00580321,0.00630757,0.00590852,0.00603843,0.00581836,0.00690414,0.00579954,0.00596977,0.00609918,0.00597358,0.00833931,0.00751567,0.0064956,0.00880697,0.00657037,
0.0122075,0.0100849,0.00554848,0.00915456,0.00672052,0.00587842,0.00634184,0.00620435,0.00572533,0.00569855,0.00612898,0.00663943,0.00607428,0.00578941,0.00610203,0.00638124,0.00570496,0.00578762,0.00573033,0.00578036,0.00558294,0.00625435,0.00837404,0.00594945,0.00633017,0.00570167,0.00561402,0.00598696,0.00576041,0.0061146,0.00643111,0.00575189,0.00603422,0.00839956,0.00769843,0.00580257,0.00644888,0.00589255,0.00806918,0.00643968,0.00728531,0.00613973,0.00672672,0.00572041,0.00584165,0.00561158,0.00605567,0.00594385,0.00629426,0.00587972,0.00610869,0.00574246,0.00590952,0.00608715,0.00581863,0.00587014,0.00614738,0.00568536,0.00617977,0.00585067,0.00582631,0.00769144,0.00579583,0.00659194,0.00593741,0.00583553,0.00584533,0.00717895,0.00596004,0.00582014,0.00576732,0.00600631,0.00604294,0.00571956,0.00640015,0.00603381,0.00673921,0.00577585,0.00684155,0.0066095,0.0061709,0.00584989,0.00588189,0.00584036,0.00699697,0.00590958,0.00584896,0.00581054,0.0058541,0.00709331,0.00610195,0.00640155,0.00647943,0.00594367,0.00584185,0.00631212,0.0103814,0.00667159,0.00910561,0.00668632,
0.0105871,0.00768672,0.00648362,0.00758115,0.00661138,0.00598364,0.00653866,0.00601203,0.00585596,0.00589646,0.00723548,0.00588571,0.0057571,0.00564289,0.0061811,0.00685642,0.00563483,0.00590267,0.0057358,0.00569805,0.00560399,0.00587555,0.00735897,0.00582925,0.00607214,0.00582107,0.00560715,0.00574297,0.00569953,0.00561771,0.00571432,0.00577075,0.00588735,0.00976581,0.00667729,0.00848021,0.00704746,0.0061048,0.00681971,0.00941771,0.00733888,0.00587291,0.00604712,0.00603006,0.00585586,0.00591112,0.00590091,0.00570367,0.00597502,0.00617495,0.00583083,0.00582931,0.00589981,0.00561206,0.00586526,0.00613155,0.00606251,0.00605742,0.00584114,0.00658002,0.00575667,0.00860914,0.00573359,0.00645351,0.00570636,0.00568785,0.00600462,0.00668112,0.00599993,0.00575386,0.00577399,0.00588372,0.00589824,0.00609258,0.00999866,0.00597075,0.00596129,0.00638738,0.00583541,0.00686694,0.00588779,0.00576803,0.00611184,0.00642222,0.00603295,0.00581505,0.00581431,0.00584741,0.00634066,0.00593273,0.00616661,0.00603246,0.00589492,0.00586953,0.00615373,0.00628772,0.00699253,0.00675508,0.00777081,0.0067306,
0.00987724,0.0109311,0.00594472,0.00755714,0.00626412,0.00582668,0.00600139,0.00588583,0.00559906,0.00618569,0.00622875,0.00574347,0.00601436,0.00573684,0.00573736,0.00637316,0.00564881,0.00612442,0.00575147,0.00572945,0.00568571,0.00590489,0.00612298,0.00574847,0.00579396,0.00616002,0.00559425,0.00580813,0.00568879,0.00573154,0.00574784,0.00571687,0.00565185,0.00888007,0.00817573,0.00681202,0.00663989,0.00587678,0.0064368,0.00725205,0.00740677,0.00637612,0.00603544,0.00627353,0.00600861,0.00571488,0.009895,0.00580469,0.00680847,0.00587144,0.00577107,0.00565293,0.0057545,0.00564198,0.005881,0.00621578,0.0059274,0.00568079,0.00586226,0.0059188,0.00584509,0.00894359,0.00867209,0.00574852,0.00574886,0.00588915,0.00619013,0.00648259,0.0060745,0.00594537,0.00590464,0.00632033,0.00632857,0.0062059,0.00641529,0.00631797,0.00586452,0.00572526,0.00578604,0.00671862,0.00579777,0.00591012,0.00684833,0.00609041,0.00584611,0.00651273,0.00590301,0.00727864,0.0058688,0.00605389,0.00587832,0.00587273,0.00603671,0.00604333,0.00613549,0.00678508,0.00671902,0.00664216,0.00844135,0.00718115,
0.00943791,0.0121418,0.00583864,0.00762674,0.0063721,0.00590994,0.00596202,0.00568754,0.00606041,0.0057193,0.00742924,0.00567095,0.00619077,0.00564385,0.00556564,0.00670075,0.00606008,0.00646781,0.0056604,0.00576036,0.00560216,0.00588782,0.0073526,0.00611874,0.00591344,0.0063324,0.00570386,0.00590769,0.00565785,0.00568455,0.00577885,0.00594332,0.00604704,0.00818615,0.00644073,0.00606277,0.0064078,0.0076605,0.00677822,0.00728632,0.011041,0.00916701,0.00614129,0.00558013,0.0058522,0.00589298,0.00912184,0.00565864,0.00725648,0.00575993,0.00591825,0.00560038,0.005736,0.00573078,0.00570529,0.00574378,0.00596158,0.00565035,0.00594667,0.0058606,0.00615692,0.0066489,0.00589467,0.00583116,0.00597664,0.00628049,0.00580244,0.00632387,0.00869372,0.00568279,0.00600301,0.00594642,0.00593767,0.00590555,0.00592185,0.00641843,0.00632707,0.00581914,0.00608963,0.00641382,0.00643251,0.0057873,0.00651398,0.00610925,0.00600966,0.0058779,0.00681627,0.00646883,0.00616734,0.00585515,0.00600938,0.00585426,0.00617164,0.00582798,0.00588129,0.00629955,0.00656985,0.00644224,0.00757514,0.00742019,
1,3,5,
1,3,5,
